index,name,rule,class,disputed,radius,R,M,S,alpha,mean_d256,mean_d512,passes_S,passes_alpha,selected,wall_seconds,condition,density,width
0,eca-0,0.0,1.0,False,1,0.0,0.0,0.0,0.0,0.0,0.0,False,False,False,0.3263733386993408,P,0.5,2053
1,eca-1,1.0,2.0,False,1,0.3827259239805414,0.4388266374023072,0.167950330267072,0.0,0.78125,0.78125,False,False,False,0.2475838661193847,P,0.5,2053
2,eca-2,2.0,2.0,False,1,-0.2449170156858076,0.0318060487198519,0.0,0.0,1.0104166666666667,1.0104166666666667,False,False,False,0.255662202835083,P,0.5,2053
3,eca-3,3.0,2.0,False,1,0.3563122604882358,0.0621351661711724,0.0221395215142626,0.0,0.7395833333333334,0.7395833333333334,False,False,False,0.261864423751831,P,0.5,2053
4,eca-4,4.0,2.0,False,1,-0.1470134558454266,0.0,0.0,0.0,1.0833333333333333,1.0833333333333333,False,False,False,0.2601907253265381,P,0.5,2053
5,eca-5,5.0,2.0,False,1,0.4853750138647526,0.9762912804676656,0.4738673937930303,0.0,1.28125,1.28125,True,False,False,0.2654438018798828,P,0.5,2053
6,eca-6,6.0,2.0,False,1,-0.2005332111978777,0.2094438121033364,0.0,0.0,2.40625,2.40625,False,False,False,0.2720508575439453,P,0.5,2053
7,eca-7,7.0,2.0,False,1,-0.2917464103458063,0.0267878163568306,0.0,0.0,0.8645833333333334,0.8645833333333334,False,False,False,0.2683687210083008,P,0.5,2053
8,eca-8,8.0,1.0,False,1,-0.5845675173074668,0.0,0.0,0.0,0.0,0.0,False,False,False,0.2181277275085449,P,0.5,2053
9,eca-9,9.0,2.0,False,1,0.2680788773697109,0.632160265239183,0.1694688142230588,0.0,19.55208333333333,19.55208333333333,False,False,False,0.2785642147064209,P,0.5,2053
10,eca-10,10.0,2.0,False,1,0.1204359854610437,0.1258225804213688,0.0151535664662989,0.0,1.21875,1.21875,False,False,False,0.2644932270050049,P,0.5,2053
11,eca-11,11.0,2.0,False,1,0.2813079044040942,0.3960473834186335,0.1114112594742206,0.0,5.770833333333333,5.770833333333333,False,False,False,0.3016977310180664,P,0.5,2053
12,eca-12,12.0,2.0,False,1,0.0144601178470849,0.0,0.0,0.0,1.0833333333333333,1.0833333333333333,False,False,False,0.2753782272338867,P,0.5,2053
13,eca-13,13.0,2.0,False,1,-0.6767128165418576,0.0,0.0,0.0,0.78125,0.78125,False,False,False,0.2909843921661377,P,0.5,2053
14,eca-14,14.0,2.0,False,1,-0.195957289867617,0.9308903920636462,0.0,0.4947009251103663,144.44791666666666,203.53125,False,False,False,0.2770447731018066,P,0.5,2053
15,eca-15,15.0,2.0,False,1,0.0,-0.0416322303737831,0.0,0.0,1.0,1.0,False,False,False,0.2884161472320556,P,0.5,2053
16,eca-18,18.0,3.0,False,1,-0.0267889512719671,0.1644903116316129,0.0,1.001682828187496,455.1770833333333,911.4166666666666,False,True,False,0.3980298042297363,P,0.5,2053
17,eca-19,19.0,2.0,False,1,0.208790557934374,0.0,0.0,0.0,0.6979166666666666,0.6979166666666666,False,False,False,0.2547721862792969,P,0.5,2053
18,eca-22,22.0,3.0,False,1,-0.142632966755197,0.1370058239343752,0.0,1.000265582468964,367.7708333333333,735.6770833333334,False,True,False,0.274024486541748,P,0.5,2053
19,eca-23,23.0,2.0,False,1,-0.3143828510992292,0.0,0.0,0.0,0.6666666666666666,0.6666666666666666,False,False,False,0.2691004276275635,P,0.5,2053
20,eca-24,24.0,2.0,False,1,-0.4659219954322546,0.0864724374504467,0.0,0.0,1.40625,1.40625,False,False,False,0.2742443084716797,P,0.5,2053
21,eca-25,25.0,2.0,False,1,-0.1785878094644518,0.786752716225227,0.0,0.0642653222194355,29.041666666666668,30.36458333333333,False,False,False,0.2753469944000244,P,0.5,2053
22,eca-26,26.0,2.0,False,1,-0.146597048146089,0.1193658674934928,0.0,0.0,5.072916666666667,5.072916666666667,False,False,False,0.3205995559692383,P,0.5,2053
23,eca-27,27.0,2.0,False,1,0.148865230171643,0.2844802689734127,0.042349220720018,0.0,1.6458333333333333,1.6458333333333333,False,False,False,0.2848062515258789,P,0.5,2053
24,eca-28,28.0,2.0,False,1,-0.6947180091611221,0.5386197043679346,0.0,0.0,0.8645833333333334,0.8645833333333334,False,False,False,0.2720863819122314,P,0.5,2053
25,eca-29,29.0,2.0,False,1,0.0997952913613396,0.9544984929490574,0.0952544552078108,0.0,1.3125,1.3125,False,False,False,0.2955238819122314,P,0.5,2053
26,eca-30,30.0,3.0,False,1,-0.0005580902928343,-0.0001070476092348,0.0,1.0001404880346048,320.8958333333333,641.8541666666666,False,True,False,0.3225595951080322,P,0.5,2053
27,eca-32,32.0,1.0,False,1,-0.2261335428165571,0.0,0.0,0.0,0.0,0.0,False,False,False,0.2753751277923584,P,0.5,2053
28,eca-33,33.0,2.0,False,1,0.0829422825329704,0.5632848990477233,0.046720135243372,0.0,2.302083333333333,2.302083333333333,False,False,False,0.2850103378295898,P,0.5,2053
29,eca-34,34.0,2.0,False,1,0.0599823159272911,0.0053049689994655,0.0003182043265104,0.0,0.8541666666666666,0.8541666666666666,False,False,False,0.2857265472412109,P,0.5,2053
30,eca-35,35.0,2.0,False,1,-0.6950461944684937,0.2782435702976418,0.0,0.0,3.6666666666666665,3.6666666666666665,False,False,False,0.338590145111084,P,0.5,2053
31,eca-36,36.0,2.0,False,1,-0.4959426331925468,0.0,0.0,0.0,1.1354166666666667,1.1354166666666667,False,False,False,0.3089783191680908,P,0.5,2053
32,eca-37,37.0,2.0,False,1,-0.4357682201287025,0.5890725333652991,0.0,0.0,6.375,6.375,False,False,False,0.3201425075531006,P,0.5,2053
33,eca-38,38.0,2.0,False,1,-0.2054374905147118,0.110502244330556,0.0,0.0,1.4166666666666667,1.4166666666666667,False,False,False,0.3320426940917969,P,0.5,2053
34,eca-40,40.0,1.0,False,1,-0.635007543229846,0.0,0.0,0.0,0.0,0.0,False,False,False,0.2633669376373291,P,0.5,2053
35,eca-41,41.0,4.0,True,1,0.0152459682325876,0.4099247008556462,0.0062496989669981,0.076155430778262,95.125,100.28125,False,False,False,0.2757840156555176,P,0.5,2053
36,eca-42,42.0,2.0,False,1,-0.0429529497269616,0.0600407118406472,0.0,0.0,1.0729166666666667,1.0729166666666667,False,False,False,0.3410012722015381,P,0.5,2053
37,eca-43,43.0,2.0,False,1,-1.35186342317094,0.9069891273248298,0.0,0.6944622287722314,183.13541666666663,296.3645833333333,False,True,False,0.3301942348480224,P,0.5,2053
38,eca-44,44.0,2.0,False,1,-0.1474596768654391,0.0,0.0,0.0,1.0,1.0,False,False,False,0.2910294532775879,P,0.5,2053
39,eca-45,45.0,3.0,False,1,-0.0001569277248161,-0.0001354065392015,0.0,0.9925220380579056,302.2291666666667,601.3333333333334,False,True,False,0.3053603172302246,P,0.5,2053
40,eca-46,46.0,2.0,False,1,-0.2404830751918833,0.3744232466199766,0.0,0.0,2.0625,2.0625,False,False,False,0.2911653518676758,P,0.5,2053
41,eca-50,50.0,2.0,False,1,-0.3398697491682047,0.0,0.0,0.0,0.7083333333333334,0.7083333333333334,False,False,False,0.2821152210235595,P,0.5,2053
42,eca-51,51.0,2.0,False,1,0.0,0.0,0.0,0.0,1.0,1.0,False,False,False,0.2947762012481689,P,0.5,2053
43,eca-54,54.0,4.0,False,1,0.3431806431274725,0.6014516707903379,0.206406571191921,1.038223504749319,199.6145833333333,409.9479166666667,True,True,True,0.2842545509338379,P,0.5,2053
44,eca-56,56.0,2.0,False,1,-0.7690986748314118,0.0106589140693493,0.0,0.0,4.25,4.25,False,False,False,0.2732210159301758,P,0.5,2053
45,eca-57,57.0,2.0,False,1,-1.3986684263087663,0.0040325824712493,0.0,0.4751832887398398,299.9270833333333,416.9270833333333,False,False,False,0.3138964176177978,P,0.5,2053
46,eca-58,58.0,2.0,False,1,-1.1930543790364616,0.2827100607165228,0.0,0.0,8.083333333333334,8.083333333333334,False,False,False,0.2845630645751953,P,0.5,2053
47,eca-60,60.0,3.0,False,1,0.0,-0.0001157692890242,0.0,0.997190466413176,257.0,513.0,False,True,False,0.3331725597381592,P,0.5,2053
48,eca-62,62.0,2.0,False,1,0.7753715786567175,0.7648701754770473,0.5930585954270786,0.3955851366126712,7.0,9.208333333333334,True,False,False,0.3448381423950195,P,0.5,2053
49,eca-72,72.0,2.0,False,1,-0.3931631415794656,0.0,0.0,0.0,0.6458333333333334,0.6458333333333334,False,False,False,0.2750394344329834,P,0.5,2053
50,eca-73,73.0,2.0,False,1,0.0824190089048423,0.7546509923555202,0.0621975868589977,0.0842825958163416,7.791666666666667,8.260416666666666,False,False,False,0.281569242477417,P,0.5,2053
51,eca-74,74.0,2.0,False,1,-0.3302207323736428,0.2143974625979168,0.0,0.0,2.96875,2.96875,False,False,False,0.2790625095367431,P,0.5,2053
52,eca-76,76.0,2.0,False,1,-0.0467190594144922,0.0,0.0,0.0,1.03125,1.03125,False,False,False,0.3034143447875976,P,0.5,2053
53,eca-77,77.0,2.0,False,1,-0.3164222000346195,0.0,0.0,0.0,0.7083333333333334,0.7083333333333334,False,False,False,0.3033277988433838,P,0.5,2053
54,eca-78,78.0,2.0,False,1,-0.9827950995265976,0.0,0.0,0.0,0.84375,0.84375,False,False,False,0.2890291213989258,P,0.5,2053
55,eca-90,90.0,3.0,False,1,0.0,-0.0001133835646281,0.0,0.9985931787857544,513.0,1025.0,False,True,False,0.2746238708496094,P,0.5,2053
56,eca-94,94.0,2.0,False,1,-0.4057874909557529,0.4015054465091761,0.0,-0.0230836131130413,1.96875,1.9375,False,False,False,0.303157091140747,P,0.5,2053
57,eca-104,104.0,2.0,False,1,-1.3044463884346282,0.0,0.0,0.0,0.4583333333333333,0.4583333333333333,False,False,False,0.2788624763488769,P,0.5,2053
58,eca-105,105.0,3.0,False,1,0.0,-0.0001243183131578,0.0,0.9985931787857544,513.0,1025.0,False,True,False,0.2731966972351074,P,0.5,2053
59,eca-106,106.0,4.0,True,1,-0.0003696770741458,-0.0003455124791024,0.0,0.9885989478738082,224.96875,446.3958333333333,False,True,False,0.2883002758026123,P,0.5,2053
60,eca-108,108.0,2.0,False,1,0.1183806030433008,0.3356054298028577,0.0397291731646684,0.0,1.1666666666666667,1.1666666666666667,False,False,False,0.2809066772460937,P,0.5,2053
61,eca-110,110.0,4.0,False,1,0.2515510538003249,0.9027793785517242,0.2270951040238886,0.7659561664583101,96.47916666666669,164.0625,True,True,True,0.2931511402130127,P,0.5,2053
62,eca-122,122.0,3.0,False,1,0.6451099471318399,-8.81711809013197e-05,0.0,1.0055502920715726,494.5416666666667,992.8958333333334,False,True,False,0.3027436733245849,P,0.5,2053
63,eca-126,126.0,3.0,False,1,0.2968774736400957,-9.820881027783336e-05,0.0,1.0027228487088216,507.2916666666667,1016.5,False,True,False,0.328195571899414,P,0.5,2053
64,eca-128,128.0,1.0,False,1,-0.3052772462046091,0.0,0.0,0.0,0.0,0.0,False,False,False,0.2228555679321289,P,0.5,2053
65,eca-130,130.0,2.0,False,1,-0.2947338287840854,0.0735499114225767,0.0,0.0,0.9895833333333334,0.9895833333333334,False,False,False,0.2519929409027099,P,0.5,2053
66,eca-132,132.0,2.0,False,1,-0.2121552524064969,0.0,0.0,0.0,1.0833333333333333,1.0833333333333333,False,False,False,0.2488231658935547,P,0.5,2053
67,eca-134,134.0,2.0,False,1,-0.4919454598112365,0.3261939207403305,0.0,0.0,3.5625,3.5625,False,False,False,0.2572195529937744,P,0.5,2053
68,eca-136,136.0,1.0,False,1,-0.8095340889624613,0.0,0.0,0.0,0.0,0.0,False,False,False,0.2155277729034423,P,0.5,2053
69,eca-138,138.0,2.0,False,1,0.0664412059154408,0.1117017451600582,0.0074215986512935,0.0,1.3229166666666667,1.3229166666666667,False,False,False,0.2544488906860351,P,0.5,2053
70,eca-140,140.0,2.0,False,1,-0.3578386744713694,0.0,0.0,0.0,1.0833333333333333,1.0833333333333333,False,False,False,0.2706873416900635,P,0.5,2053
71,eca-142,142.0,2.0,False,1,-1.3531493283334843,0.920522556048494,0.0,0.492821487341364,144.79166666666666,203.75,False,False,False,0.274829626083374,P,0.5,2053
72,eca-146,146.0,3.0,False,1,-0.1406191702171646,0.1644224177605184,0.0,1.0013151883674474,508.25,1017.4270833333334,False,True,False,0.2615883350372314,P,0.5,2053
73,eca-150,150.0,3.0,False,1,0.0,-0.0001265886033376,0.0,0.9985931787857544,513.0,1025.0,False,True,False,0.2653582096099853,P,0.5,2053
74,eca-152,152.0,2.0,False,1,-0.5489008175347285,0.1100935939765315,0.0,0.0,1.4166666666666667,1.4166666666666667,False,False,False,0.257753849029541,P,0.5,2053
75,eca-154,154.0,2.0,False,1,0.0011713404309604,-0.0186919843135441,0.0,0.0,1.0,1.0,False,False,False,0.2644293308258056,P,0.5,2053
76,eca-156,156.0,2.0,False,1,-0.6977435996150444,0.5386197043679346,0.0,0.0,0.8333333333333334,0.8333333333333334,False,False,False,0.2661716938018799,P,0.5,2053
77,eca-160,160.0,1.0,False,1,-0.5362312249384886,0.0,0.0,0.0,0.0,0.0,False,False,False,0.2132718563079834,P,0.5,2053
78,eca-162,162.0,2.0,False,1,-0.2819011750711921,-0.0088454968476451,0.0,0.0,0.6875,0.6875,False,False,False,0.2507033348083496,P,0.5,2053
79,eca-164,164.0,2.0,False,1,-0.7290329665810269,0.0,0.0,0.0,1.1875,1.1875,False,False,False,0.2633192539215088,P,0.5,2053
80,eca-168,168.0,1.0,False,1,-1.4472283921397542,0.0,0.0,0.0,0.0,0.0,False,False,False,0.2270567417144775,P,0.5,2053
81,eca-170,170.0,2.0,False,1,0.0,-0.1021419438173497,0.0,0.0,1.0,1.0,False,False,False,0.2646162509918213,P,0.5,2053
82,eca-172,172.0,2.0,False,1,0.2033118025820931,0.0,0.0,0.0,1.0104166666666667,1.0104166666666667,False,False,False,0.2762017250061035,P,0.5,2053
83,eca-178,178.0,2.0,False,1,-0.3164222000346195,0.0,0.0,0.0,0.7083333333333334,0.7083333333333334,False,False,False,0.2883925437927246,P,0.5,2053
84,eca-184,184.0,2.0,False,1,-1.8642663024684003,0.027069303885003,0.0,0.3465061176080282,6.0625,7.708333333333333,False,False,False,0.272465705871582,P,0.5,2053
85,eca-200,200.0,2.0,False,1,0.1559171395067271,0.0,0.0,0.0,0.8020833333333334,0.8020833333333334,False,False,False,0.2545034885406494,P,0.5,2053
86,eca-204,204.0,2.0,False,1,0.0,0.0,0.0,0.0,1.0,1.0,False,False,False,0.2646453380584717,P,0.5,2053
87,eca-232,232.0,2.0,False,1,-0.3143828510992291,0.0,0.0,0.0,0.6666666666666666,0.6666666666666666,False,False,False,0.2709920406341553,P,0.5,2053
88,radius2-correction,,,False,2,-0.0087570834969941,-0.0228158657173736,0.0,0.5940710931441274,14.802083333333334,22.34375,False,True,False,0.250230073928833,P,0.5,2053
89,radius2-pure-shift,,,False,2,0.0,-0.1308236545428403,0.0,0.0,1.0,1.0,False,False,False,0.1462824344635009,P,0.5,2053
90,eca-0,0.0,1.0,False,1,0.0,0.0,0.0,0.0,0.0,0.0,False,False,False,0.3442051410675049,V1,0.3,2063
91,eca-1,1.0,2.0,False,1,0.656389863930091,0.5580238097707424,0.3662811725651686,0.0,1.5104166666666667,1.5104166666666667,True,False,False,0.2573933601379394,V1,0.3,2063
92,eca-2,2.0,2.0,False,1,-0.0139976632997527,0.0488040751561593,0.0,0.0,0.90625,0.90625,False,False,False,0.247197151184082,V1,0.3,2063
93,eca-3,3.0,2.0,False,1,0.4588520661663445,0.079242576197152,0.0363606198164071,0.0,1.0104166666666667,1.0104166666666667,False,False,False,0.2603468894958496,V1,0.3,2063
94,eca-4,4.0,2.0,False,1,0.031892115392368,0.0,0.0,0.0,1.1041666666666667,1.1041666666666667,False,False,False,0.2642130851745605,V1,0.3,2063
95,eca-5,5.0,2.0,False,1,0.5388100982371543,0.9835407777340672,0.5299417030711399,0.0,1.5729166666666667,1.5729166666666667,True,False,False,0.2685256004333496,V1,0.3,2063
96,eca-6,6.0,2.0,False,1,-0.215248687429837,0.1909888933616622,0.0,0.0,2.020833333333333,2.020833333333333,False,False,False,0.2634167671203613,V1,0.3,2063
97,eca-7,7.0,2.0,False,1,-0.3605787217358241,0.0193281951627373,0.0,0.0,0.5208333333333334,0.5208333333333334,False,False,False,0.2867293357849121,V1,0.3,2063
98,eca-8,8.0,1.0,False,1,-0.5845675173074668,0.0,0.0,0.0,0.0,0.0,False,False,False,0.2431504726409912,V1,0.3,2063
99,eca-9,9.0,2.0,False,1,0.2600866261640783,0.5927845579856222,0.1541753357286449,0.0,6.78125,6.78125,False,False,False,0.2765500545501709,V1,0.3,2063
100,eca-10,10.0,2.0,False,1,0.0348979632385426,0.0765045841044943,0.0026698541636586,0.0,1.0729166666666667,1.0729166666666667,False,False,False,0.2773771286010742,V1,0.3,2063
101,eca-11,11.0,2.0,False,1,0.3105656441174109,0.3066122941915192,0.0952232446399062,0.0,3.1354166666666665,3.1354166666666665,False,False,False,0.2807826995849609,V1,0.3,2063
102,eca-12,12.0,2.0,False,1,0.1754003063421288,0.0,0.0,0.0,0.9895833333333334,0.9895833333333334,False,False,False,0.2785961627960205,V1,0.3,2063
103,eca-13,13.0,2.0,False,1,-0.6751885943578483,0.0,0.0,0.0,0.3854166666666667,0.3854166666666667,False,False,False,0.2707288265228271,V1,0.3,2063
104,eca-14,14.0,2.0,False,1,-0.2603471624807243,0.6657166445246889,0.0,0.0,18.9375,18.9375,False,False,False,0.2667360305786133,V1,0.3,2063
105,eca-15,15.0,2.0,False,1,0.0,0.007479614855696,0.0,0.0,1.0,1.0,False,False,False,0.2850558757781982,V1,0.3,2063
106,eca-18,18.0,3.0,False,1,-0.0259786302913914,0.1643277987364947,0.0,1.0016455679074634,465.4895833333333,932.0416666666666,False,True,False,0.2665009498596191,V1,0.3,2063
107,eca-19,19.0,2.0,False,1,0.0943260765815279,0.0,0.0,0.0,0.65625,0.65625,False,False,False,0.2884931564331054,V1,0.3,2063
108,eca-22,22.0,3.0,False,1,-0.1459302117582842,0.137699952366189,0.0,1.00043432668472,380.5520833333333,761.3333333333334,False,True,False,0.3045568466186523,V1,0.3,2063
109,eca-23,23.0,2.0,False,1,-0.6730110036153261,0.0,0.0,0.0,0.3854166666666667,0.3854166666666667,False,False,False,0.310035228729248,V1,0.3,2063
110,eca-24,24.0,2.0,False,1,-0.382477551731551,0.0657031771389147,0.0,0.0,1.3645833333333333,1.3645833333333333,False,False,False,0.2808425426483154,V1,0.3,2063
111,eca-25,25.0,2.0,False,1,-0.1784147178569907,0.8068119155001232,0.0,0.2781018539227355,52.91666666666666,64.16666666666667,False,False,False,0.2848916053771972,V1,0.3,2063
112,eca-26,26.0,2.0,False,1,-0.1494526505289022,0.0846980737509101,0.0,0.0,4.208333333333333,4.208333333333333,False,False,False,0.275688886642456,V1,0.3,2063
113,eca-27,27.0,2.0,False,1,0.0344439099146534,0.2599127553855773,0.0089524115321701,0.0,1.7083333333333333,1.7083333333333333,False,False,False,0.3005363941192627,V1,0.3,2063
114,eca-28,28.0,2.0,False,1,-0.8304172459733422,0.4912212781957767,0.0,0.0,0.5416666666666666,0.5416666666666666,False,False,False,0.2724068164825439,V1,0.3,2063
115,eca-29,29.0,2.0,False,1,0.4723152092552242,0.9998074260461164,0.4722242536478986,0.0,1.2291666666666667,1.2291666666666667,True,False,False,0.2865087985992431,V1,0.3,2063
116,eca-30,30.0,3.0,False,1,0.0004159915070054,-0.0001089295997983,0.0,1.0013164134767534,319.5,639.5833333333334,False,True,False,0.3070919513702392,V1,0.3,2063
117,eca-32,32.0,1.0,False,1,-0.2261335428165571,0.0,0.0,0.0,0.0,0.0,False,False,False,0.2256150245666504,V1,0.3,2063
118,eca-33,33.0,2.0,False,1,0.1205365267035295,0.5661437304695206,0.0682409988857751,0.0,1.71875,1.71875,False,False,False,0.2621493339538574,V1,0.3,2063
119,eca-34,34.0,2.0,False,1,-0.0295350957694023,0.0029581023709083,0.0,0.0,0.9583333333333334,0.9583333333333334,False,False,False,0.2692010402679443,V1,0.3,2063
120,eca-35,35.0,2.0,False,1,-0.3270471843787095,0.1981196992186653,0.0,0.0,1.8020833333333333,1.8020833333333333,False,False,False,0.2800040245056152,V1,0.3,2063
121,eca-36,36.0,2.0,False,1,-0.3470672561552609,0.0,0.0,0.0,1.03125,1.03125,False,False,False,0.2699415683746338,V1,0.3,2063
122,eca-37,37.0,2.0,False,1,-0.4370121461061433,0.5890995900137435,0.0,0.0,6.71875,6.71875,False,False,False,0.286278486251831,V1,0.3,2063
123,eca-38,38.0,2.0,False,1,-0.3622139366632358,0.0957532152294604,0.0,0.0,1.3229166666666667,1.3229166666666667,False,False,False,0.2961134910583496,V1,0.3,2063
124,eca-40,40.0,1.0,False,1,-0.635007543229846,0.0,0.0,0.0,0.0,0.0,False,False,False,0.2758584022521972,V1,0.3,2063
125,eca-41,41.0,4.0,True,1,0.0144149382065096,0.4109368289438112,0.005923628996004,0.0550849501692701,99.5625,103.4375,False,False,False,0.2841811180114746,V1,0.3,2063
126,eca-42,42.0,2.0,False,1,0.2131477598237131,-0.0140241394014002,0.0,0.0,1.2083333333333333,1.2083333333333333,False,False,False,0.2956712245941162,V1,0.3,2063
127,eca-43,43.0,2.0,False,1,-0.8325720269843743,0.6121002272110905,0.0,0.0,18.25,18.25,False,False,False,0.2993593215942383,V1,0.3,2063
128,eca-44,44.0,2.0,False,1,-0.0354327173699517,0.0,0.0,0.0,1.1875,1.1875,False,False,False,0.2877676486968994,V1,0.3,2063
129,eca-45,45.0,3.0,False,1,0.0004683208111164,-0.0001494363280581,0.0,1.0049807273976743,299.6979166666667,601.46875,False,True,False,0.3047029972076416,V1,0.3,2063
130,eca-46,46.0,2.0,False,1,-0.0219110371833419,0.3403782661871587,0.0,0.0,1.90625,1.90625,False,False,False,0.2876782417297363,V1,0.3,2063
131,eca-50,50.0,2.0,False,1,-0.5473672352698195,0.0,0.0,0.0,0.5833333333333334,0.5833333333333334,False,False,False,0.2703442573547363,V1,0.3,2063
132,eca-51,51.0,2.0,False,1,0.0,0.0,0.0,0.0,1.0,1.0,False,False,False,0.2903134822845459,V1,0.3,2063
133,eca-54,54.0,4.0,False,1,0.3386774734822956,0.6052648246929354,0.2049895616147079,0.9911791232710164,217.03125,431.4166666666667,True,True,True,0.3416891098022461,V1,0.3,2063
134,eca-56,56.0,2.0,False,1,-0.1082667523115573,0.0048916668305994,0.0,0.0,2.177083333333333,2.177083333333333,False,False,False,0.2688031196594238,V1,0.3,2063
135,eca-57,57.0,2.0,False,1,-1.1847259029542812,0.0473134530682087,0.0,0.0188766530131026,77.51041666666667,78.53125,False,False,False,0.2848794460296631,V1,0.3,2063
136,eca-58,58.0,2.0,False,1,-1.1281885643357257,0.1192924259215857,0.0,0.0,3.625,3.625,False,False,False,0.2779436111450195,V1,0.3,2063
137,eca-60,60.0,3.0,False,1,0.0,-0.0001363816847648,0.0,0.997190466413176,257.0,513.0,False,True,False,0.282975435256958,V1,0.3,2063
138,eca-62,62.0,2.0,False,1,0.7990749375120129,0.7521469678792538,0.6010217913579647,0.498938756887789,3.4791666666666665,4.916666666666667,True,False,False,0.2998197078704834,V1,0.3,2063
139,eca-72,72.0,2.0,False,1,-0.5117320386205155,0.0,0.0,0.0,0.25,0.25,False,False,False,0.2725906372070312,V1,0.3,2063
140,eca-73,73.0,2.0,False,1,0.0950970086476116,0.7336791105766491,0.0697706887230796,0.027798452343572,10.708333333333334,10.916666666666666,False,False,False,0.2986397743225097,V1,0.3,2063
141,eca-74,74.0,2.0,False,1,-0.4038535056549757,0.1403882802215228,0.0,0.0,2.614583333333333,2.614583333333333,False,False,False,0.2926263809204101,V1,0.3,2063
142,eca-76,76.0,2.0,False,1,0.1796416082052168,0.0,0.0,0.0,0.9791666666666666,0.9791666666666666,False,False,False,0.268474817276001,V1,0.3,2063
143,eca-77,77.0,2.0,False,1,-0.4994372622698432,0.0,0.0,0.0,0.5833333333333334,0.5833333333333334,False,False,False,0.2816982269287109,V1,0.3,2063
144,eca-78,78.0,2.0,False,1,-0.988847331464198,0.0,0.0,0.0,0.6041666666666666,0.6041666666666666,False,False,False,0.2978179454803467,V1,0.3,2063
145,eca-90,90.0,3.0,False,1,0.0,-0.0001125895879734,0.0,0.9985931787857544,513.0,1025.0,False,True,False,0.2780978679656982,V1,0.3,2063
146,eca-94,94.0,2.0,False,1,-0.4325449908433569,0.3563949929342555,0.0,-0.0220263063299989,1.375,1.3541666666666667,False,False,False,0.2973144054412842,V1,0.3,2063
147,eca-104,104.0,2.0,False,1,-1.419207142197329,0.0,0.0,0.0,0.3541666666666667,0.3541666666666667,False,False,False,0.2871444225311279,V1,0.3,2063
148,eca-105,105.0,3.0,False,1,0.0,-0.0001035518486239,0.0,0.9985931787857544,513.0,1025.0,False,True,False,0.2776353359222412,V1,0.3,2063
149,eca-106,106.0,4.0,True,1,-0.0002043015781675,-0.0003559145212063,0.0,1.0079085315188985,221.71875,445.875,False,True,False,0.2819807529449463,V1,0.3,2063
150,eca-108,108.0,2.0,False,1,0.1684119465232147,0.2181218426915348,0.0367343241069118,0.0,1.1666666666666667,1.1666666666666667,False,False,False,0.2855665683746338,V1,0.3,2063
151,eca-110,110.0,4.0,False,1,0.2521760791185866,0.898844367587706,0.2266670483560932,0.6831268634682903,98.67708333333331,158.4375,True,True,True,0.3090102672576904,V1,0.3,2063
152,eca-122,122.0,3.0,False,1,0.6457528589840273,-0.0001157550687479,0.0,1.005042319214923,505.78125,1015.1041666666666,False,True,False,0.3228583335876465,V1,0.3,2063
153,eca-126,126.0,3.0,False,1,0.296801618798031,-8.236593647303891e-05,0.0,1.0026590679555734,496.8854166666667,995.6041666666666,False,True,False,0.3391892910003662,V1,0.3,2063
154,eca-128,128.0,1.0,False,1,-0.3052772462046091,0.0,0.0,0.0,0.0,0.0,False,False,False,0.2427868843078613,V1,0.3,2063
155,eca-130,130.0,2.0,False,1,-0.3109977158138396,0.0555269754352671,0.0,0.0,0.90625,0.90625,False,False,False,0.2787084579467773,V1,0.3,2063
156,eca-132,132.0,2.0,False,1,-0.2441429018667622,0.0,0.0,0.0,1.1041666666666667,1.1041666666666667,False,False,False,0.2778010368347168,V1,0.3,2063
157,eca-134,134.0,2.0,False,1,-0.527445801526945,0.2276183661341646,0.0,0.0,2.625,2.625,False,False,False,0.2852985858917236,V1,0.3,2063
158,eca-136,136.0,1.0,False,1,-0.8095340889624613,0.0,0.0,0.0,0.0,0.0,False,False,False,0.2426073551177978,V1,0.3,2063
159,eca-138,138.0,2.0,False,1,-0.1591025014893349,0.0168632229916814,0.0,0.0,1.1458333333333333,1.1458333333333333,False,False,False,0.2771522998809814,V1,0.3,2063
160,eca-140,140.0,2.0,False,1,-0.2162944166151247,0.0,0.0,0.0,0.9895833333333334,0.9895833333333334,False,False,False,0.2825431823730469,V1,0.3,2063
161,eca-142,142.0,2.0,False,1,-0.8322325237463203,0.6231741969560342,0.0,0.0,19.45833333333333,19.45833333333333,False,False,False,0.2966094017028808,V1,0.3,2063
162,eca-146,146.0,3.0,False,1,-0.1391020654661022,0.1634915733904823,0.0,1.0010460918104278,502.625,1005.9791666666666,False,True,False,0.3016946315765381,V1,0.3,2063
163,eca-150,150.0,3.0,False,1,0.0,-0.0001135259977903,0.0,0.9985931787857544,513.0,1025.0,False,True,False,0.2831618785858154,V1,0.3,2063
164,eca-152,152.0,2.0,False,1,-0.4387597469907102,0.0649935405075496,0.0,0.0,1.3333333333333333,1.3333333333333333,False,False,False,0.2936828136444092,V1,0.3,2063
165,eca-154,154.0,2.0,False,1,0.2488487639360155,-0.0042590487143376,0.0,0.0,1.0,1.0,False,False,False,0.3467025756835937,V1,0.3,2063
166,eca-156,156.0,2.0,False,1,-0.7896672052471536,0.4912212781957767,0.0,0.0,0.5,0.5,False,False,False,0.2795155048370361,V1,0.3,2063
167,eca-160,160.0,1.0,False,1,-0.5362312249384886,0.0,0.0,0.0,0.0,0.0,False,False,False,0.2249102592468261,V1,0.3,2063
168,eca-162,162.0,2.0,False,1,0.0866997291361846,-0.0039595051390922,0.0,0.0,0.8125,0.8125,False,False,False,0.2743792533874511,V1,0.3,2063
169,eca-164,164.0,2.0,False,1,-0.5522091096241685,0.0,0.0,0.0,1.2291666666666667,1.2291666666666667,False,False,False,0.2947978973388672,V1,0.3,2063
170,eca-168,168.0,1.0,False,1,-1.4472283921397542,0.0,0.0,0.0,0.0,0.0,False,False,False,0.2434852123260498,V1,0.3,2063
171,eca-170,170.0,2.0,False,1,0.0,-0.2158609867595736,0.0,0.0,1.0,1.0,False,False,False,0.3342161178588867,V1,0.3,2063
172,eca-172,172.0,2.0,False,1,0.0471610825982719,0.0,0.0,0.0,1.1875,1.1875,False,False,False,0.3085122108459472,V1,0.3,2063
173,eca-178,178.0,2.0,False,1,-0.4994372622698432,0.0,0.0,0.0,0.5833333333333334,0.5833333333333334,False,False,False,0.3649022579193115,V1,0.3,2063
174,eca-184,184.0,2.0,False,1,-0.0097643563252045,0.0478342404205978,0.0,0.0,2.1875,2.1875,False,False,False,0.2795784473419189,V1,0.3,2063
175,eca-200,200.0,2.0,False,1,-0.33286132860506,0.0,0.0,0.0,0.2604166666666667,0.2604166666666667,False,False,False,0.2873616218566894,V1,0.3,2063
176,eca-204,204.0,2.0,False,1,0.0,0.0,0.0,0.0,1.0,1.0,False,False,False,0.2867674827575683,V1,0.3,2063
177,eca-232,232.0,2.0,False,1,-0.6730110036153262,0.0,0.0,0.0,0.3854166666666667,0.3854166666666667,False,False,False,0.2877781391143799,V1,0.3,2063
178,radius2-correction,,,False,2,-0.1087104268749147,-0.0373216292919729,0.0,0.6637396141052734,4.083333333333333,6.46875,False,True,False,0.2765393257141113,V1,0.3,2063
179,radius2-pure-shift,,,False,2,0.0,-0.2056561980864637,0.0,0.0,1.0,1.0,False,False,False,0.1566252708435058,V1,0.3,2063
180,eca-0,0.0,1.0,False,1,0.0,0.0,0.0,0.0,0.0,0.0,False,False,False,0.3076658248901367,V2,0.7,2081
181,eca-1,1.0,2.0,False,1,0.044147234778529,0.1875884422887982,0.0082815110034621,0.0,0.2916666666666667,0.2916666666666667,False,False,False,0.2593722343444824,V2,0.7,2081
182,eca-2,2.0,2.0,False,1,-0.8713644157002386,-0.0017016899836834,0.0,0.0,0.9895833333333334,0.9895833333333334,False,False,False,0.2590923309326172,V2,0.7,2081
183,eca-3,3.0,2.0,False,1,0.0250245384604368,0.0594914947508941,0.0014887471984626,0.0,0.3125,0.3125,False,False,False,0.278679609298706,V2,0.7,2081
184,eca-4,4.0,2.0,False,1,-0.6357037284024929,0.0,0.0,0.0,1.0,1.0,False,False,False,0.2550976276397705,V2,0.7,2081
185,eca-5,5.0,2.0,False,1,0.3238102145257006,0.7419914329218645,0.2402644050706609,0.0,0.4791666666666667,0.4791666666666667,True,False,False,0.2904760837554931,V2,0.7,2081
186,eca-6,6.0,2.0,False,1,-0.7711443185850396,0.0978298696936758,0.0,0.0,1.5520833333333333,1.5520833333333333,False,False,False,0.2568774223327636,V2,0.7,2081
187,eca-7,7.0,2.0,False,1,-0.4909372574080904,0.0141922678818518,0.0,0.0,0.3229166666666667,0.3229166666666667,False,False,False,0.2865808010101318,V2,0.7,2081
188,eca-8,8.0,1.0,False,1,-0.5845675173074668,0.0,0.0,0.0,0.0,0.0,False,False,False,0.2239434719085693,V2,0.7,2081
189,eca-9,9.0,2.0,False,1,0.2654371574245886,0.6396104114245158,0.1697763694676951,0.0,10.53125,10.53125,False,False,False,0.2638993263244629,V2,0.7,2081
190,eca-10,10.0,2.0,False,1,0.0259640633971772,0.070832094557471,0.001839088993645,0.0,1.1458333333333333,1.1458333333333333,False,False,False,0.2619175910949707,V2,0.7,2081
191,eca-11,11.0,2.0,False,1,0.2798840997829969,0.3631959734486202,0.1016527780734763,0.0,3.5625,3.5625,False,False,False,0.2717905044555664,V2,0.7,2081
192,eca-12,12.0,2.0,False,1,0.2510588935783954,0.0,0.0,0.0,1.0104166666666667,1.0104166666666667,False,False,False,0.2605352401733398,V2,0.7,2081
193,eca-13,13.0,2.0,False,1,-0.6720692852324595,0.0,0.0,0.0,0.53125,0.53125,False,False,False,0.2732672691345215,V2,0.7,2081
194,eca-14,14.0,2.0,False,1,-0.2524770763508419,0.6697873396583098,0.0,0.0,7.864583333333333,7.864583333333333,False,False,False,0.2716915607452392,V2,0.7,2081
195,eca-15,15.0,2.0,False,1,0.0,0.0044843154566346,0.0,0.0,1.0,1.0,False,False,False,0.2840363979339599,V2,0.7,2081
196,eca-18,18.0,3.0,False,1,-0.028375461857015,0.1640424362438361,0.0,1.0011694051389148,481.71875,964.21875,False,True,False,0.2653319835662842,V2,0.7,2081
197,eca-19,19.0,2.0,False,1,0.0193299454773765,0.0,0.0,0.0,0.3958333333333333,0.3958333333333333,False,False,False,0.2850642204284668,V2,0.7,2081
198,eca-22,22.0,3.0,False,1,-0.1445977123030532,0.1376252139702847,0.0,0.9979652836510934,369.5520833333333,738.0625,False,True,False,0.2805428504943847,V2,0.7,2081
199,eca-23,23.0,2.0,False,1,-0.6732043734097966,0.0,0.0,0.0,0.46875,0.46875,False,False,False,0.300269603729248,V2,0.7,2081
200,eca-24,24.0,2.0,False,1,-0.3755453379260715,0.0592115659141102,0.0,0.0,1.3958333333333333,1.3958333333333333,False,False,False,0.2678158283233642,V2,0.7,2081
201,eca-25,25.0,2.0,False,1,-0.1763722181749375,0.7888666862270565,0.0,0.1472845445425203,38.28125,42.395833333333336,False,False,False,0.2659540176391601,V2,0.7,2081
202,eca-26,26.0,2.0,False,1,-0.159392409735201,0.1051702482861128,0.0,0.0,3.7395833333333335,3.7395833333333335,False,False,False,0.2737452983856201,V2,0.7,2081
203,eca-27,27.0,2.0,False,1,0.1346291289342873,0.2586569992667609,0.0348227665040406,0.0,1.7604166666666667,1.7604166666666667,False,False,False,0.2707142829895019,V2,0.7,2081
204,eca-28,28.0,2.0,False,1,-0.8606748579741085,0.4815648875359173,0.0,0.0,0.6666666666666666,0.6666666666666666,False,False,False,0.2619290351867676,V2,0.7,2081
205,eca-29,29.0,2.0,False,1,0.4444288842931018,0.9998092558698382,0.4443441120921486,0.0,1.2708333333333333,1.2708333333333333,True,False,False,0.2740321159362793,V2,0.7,2081
206,eca-30,30.0,3.0,False,1,0.0003921018884745,-0.0001262913582809,0.0,0.995364492740505,321.46875,640.875,False,True,False,0.3377492427825928,V2,0.7,2081
207,eca-32,32.0,1.0,False,1,-0.2261335428165571,0.0,0.0,0.0,0.0,0.0,False,False,False,0.2521731853485107,V2,0.7,2081
208,eca-33,33.0,2.0,False,1,-0.0545209226112861,0.5269287821446287,0.0,0.0,2.4375,2.4375,False,False,False,0.2812950611114502,V2,0.7,2081
209,eca-34,34.0,2.0,False,1,0.012730324172788,-0.0078447375367458,0.0,0.0,0.9375,0.9375,False,False,False,0.2807040214538574,V2,0.7,2081
210,eca-35,35.0,2.0,False,1,-0.4315608830556245,0.2234071058340028,0.0,0.0,3.4479166666666665,3.4479166666666665,False,False,False,0.2832658290863037,V2,0.7,2081
211,eca-36,36.0,2.0,False,1,-0.3926371924577856,0.0,0.0,0.0,1.1770833333333333,1.1770833333333333,False,False,False,0.2900228500366211,V2,0.7,2081
212,eca-37,37.0,2.0,False,1,-0.4640109005129499,0.5502539813668966,0.0,0.0,6.583333333333333,6.583333333333333,False,False,False,0.2774696350097656,V2,0.7,2081
213,eca-38,38.0,2.0,False,1,-0.4002073758433995,0.0900539550125583,0.0,0.0,1.2916666666666667,1.2916666666666667,False,False,False,0.2718515396118164,V2,0.7,2081
214,eca-40,40.0,1.0,False,1,-0.635007543229846,0.0,0.0,0.0,0.0,0.0,False,False,False,0.2195827960968017,V2,0.7,2081
215,eca-41,41.0,4.0,True,1,0.0143884115730506,0.4139816976999695,0.0059565390502174,0.0958261677096684,104.65625,111.84375,False,False,False,0.2740726470947265,V2,0.7,2081
216,eca-42,42.0,2.0,False,1,-0.2657488298459348,0.137102601287491,0.0,0.0,1.1354166666666667,1.1354166666666667,False,False,False,0.2706074714660644,V2,0.7,2081
217,eca-43,43.0,2.0,False,1,-0.8338230096866465,0.6232036439756623,0.0,0.0,17.604166666666668,17.604166666666668,False,False,False,0.2964332103729248,V2,0.7,2081
218,eca-44,44.0,2.0,False,1,-0.0200603732963486,0.0,0.0,0.0,1.03125,1.03125,False,False,False,0.288224458694458,V2,0.7,2081
219,eca-45,45.0,3.0,False,1,0.0008406736973982,-0.0001288742433975,0.0,1.001423453561972,300.7395833333333,602.0729166666666,False,True,False,0.3236031532287597,V2,0.7,2081
220,eca-46,46.0,2.0,False,1,0.0046166669975201,0.3324857146518979,0.0015349758259803,0.0,1.6770833333333333,1.6770833333333333,False,False,False,0.2944295406341553,V2,0.7,2081
221,eca-50,50.0,2.0,False,1,-0.5548730681021775,0.0,0.0,0.0,0.53125,0.53125,False,False,False,0.2843186855316162,V2,0.7,2081
222,eca-51,51.0,2.0,False,1,0.0,0.0,0.0,0.0,1.0,1.0,False,False,False,0.2831716537475586,V2,0.7,2081
223,eca-54,54.0,4.0,False,1,0.3434817840821042,0.6029748906736079,0.2071108912052826,1.0118428239368873,202.8333333333333,409.0104166666667,True,True,True,0.2876622676849365,V2,0.7,2081
224,eca-56,56.0,2.0,False,1,-0.6913085949825701,0.0717354427043545,0.0,0.0,4.135416666666667,4.135416666666667,False,False,False,0.2685353755950928,V2,0.7,2081
225,eca-57,57.0,2.0,False,1,-1.207391352667272,0.0440516812015263,0.0,0.0,69.22916666666667,69.22916666666667,False,False,False,0.2905817031860351,V2,0.7,2081
226,eca-58,58.0,2.0,False,1,-1.1996600364917187,0.3030133269216305,0.0,0.0,10.239583333333334,10.239583333333334,False,False,False,0.2941288948059082,V2,0.7,2081
227,eca-60,60.0,3.0,False,1,0.0,-0.0001023523438632,0.0,0.997190466413176,257.0,513.0,False,True,False,0.2754015922546386,V2,0.7,2081
228,eca-62,62.0,2.0,False,1,0.794664922429993,0.7547347664033519,0.5997612445991385,0.3342853014073451,7.75,9.770833333333334,True,False,False,0.2946548461914062,V2,0.7,2081
229,eca-72,72.0,2.0,False,1,-0.5196822337102406,0.0,0.0,0.0,0.3541666666666667,0.3541666666666667,False,False,False,0.2725207805633545,V2,0.7,2081
230,eca-73,73.0,2.0,False,1,0.0989121730684126,0.7377794378104289,0.0729753674390213,0.0588351012633153,10.260416666666666,10.6875,False,False,False,0.2779648303985595,V2,0.7,2081
231,eca-74,74.0,2.0,False,1,-0.360647689181119,0.1850948920611223,0.0,0.0,2.625,2.625,False,False,False,0.2741401195526123,V2,0.7,2081
232,eca-76,76.0,2.0,False,1,-0.1497396299149402,0.0,0.0,0.0,0.84375,0.84375,False,False,False,0.3050227165222168,V2,0.7,2081
233,eca-77,77.0,2.0,False,1,-0.5055083757214093,0.0,0.0,0.0,0.53125,0.53125,False,False,False,0.2835667133331299,V2,0.7,2081
234,eca-78,78.0,2.0,False,1,-0.9869860857373962,0.0,0.0,0.0,0.6979166666666666,0.6979166666666666,False,False,False,0.2760293483734131,V2,0.7,2081
235,eca-90,90.0,3.0,False,1,0.0,-0.0001062991173603,0.0,0.9985931787857544,513.0,1025.0,False,True,False,0.2899634838104248,V2,0.7,2081
236,eca-94,94.0,2.0,False,1,-0.3877628434890544,0.4566987066802672,0.0,-0.0194523626661724,2.333333333333333,2.302083333333333,False,False,False,0.2866067886352539,V2,0.7,2081
237,eca-104,104.0,2.0,False,1,-1.4475952185640075,0.0,0.0,0.0,0.2708333333333333,0.2708333333333333,False,False,False,0.2742359638214111,V2,0.7,2081
238,eca-105,105.0,3.0,False,1,0.0,-0.0001249948638197,0.0,0.9985931787857544,513.0,1025.0,False,True,False,0.28243088722229,V2,0.7,2081
239,eca-106,106.0,4.0,True,1,0.0009585255380765,-0.0004683104809236,0.0,0.9989229097229992,223.32291666666663,446.3125,False,True,False,0.3065793514251709,V2,0.7,2081
240,eca-108,108.0,2.0,False,1,0.1519950881414745,0.3763148092515468,0.057198002601131,0.0,1.1354166666666667,1.1354166666666667,False,False,False,0.3050754070281982,V2,0.7,2081
241,eca-110,110.0,4.0,False,1,0.2515239772371762,0.8839412995616582,0.2223324313099465,0.8570867313982914,80.57291666666667,145.94791666666666,True,True,True,0.2765858173370361,V2,0.7,2081
242,eca-122,122.0,3.0,False,1,0.6444701759410487,-6.745046487821593e-05,0.0,1.0057939041115032,504.7708333333333,1013.6041666666666,False,True,False,0.3025276660919189,V2,0.7,2081
243,eca-126,126.0,3.0,False,1,0.2966032073872526,-5.165762203079849e-05,0.0,1.002076755697786,502.5625,1006.5729166666666,False,True,False,0.3808748722076416,V2,0.7,2081
244,eca-128,128.0,1.0,False,1,-0.3052772462046091,0.0,0.0,0.0,0.0,0.0,False,False,False,0.2206926345825195,V2,0.7,2081
245,eca-130,130.0,2.0,False,1,-0.3105649183812429,0.1231871017960172,0.0,0.0,0.9791666666666666,0.9791666666666666,False,False,False,0.2554528713226318,V2,0.7,2081
246,eca-132,132.0,2.0,False,1,-0.4745227805275402,0.0,0.0,0.0,1.0,1.0,False,False,False,0.2725234031677246,V2,0.7,2081
247,eca-134,134.0,2.0,False,1,-0.4767581508819191,0.3625224777286529,0.0,0.0,2.833333333333333,2.833333333333333,False,False,False,0.2742395401000976,V2,0.7,2081
248,eca-136,136.0,1.0,False,1,-0.8095340889624613,0.0,0.0,0.0,0.0,0.0,False,False,False,0.2273848056793213,V2,0.7,2081
249,eca-138,138.0,2.0,False,1,0.3679228785394057,0.1510503460059035,0.0555748781068652,0.0,1.5104166666666667,1.5104166666666667,False,False,False,0.267094612121582,V2,0.7,2081
250,eca-140,140.0,2.0,False,1,-0.1751877575128446,0.0,0.0,0.0,1.0104166666666667,1.0104166666666667,False,False,False,0.2739360332489013,V2,0.7,2081
251,eca-142,142.0,2.0,False,1,-0.8336442554438289,0.6137439627561372,0.0,0.0,8.354166666666666,8.354166666666666,False,False,False,0.2795953750610351,V2,0.7,2081
252,eca-146,146.0,3.0,False,1,-0.140258185566683,0.1653667743337714,0.0,1.0015368572381,508.2083333333333,1017.5,False,True,False,0.278045654296875,V2,0.7,2081
253,eca-150,150.0,3.0,False,1,0.0,-0.0001374371046628,0.0,0.9985931787857544,513.0,1025.0,False,True,False,0.2729346752166748,V2,0.7,2081
254,eca-152,152.0,2.0,False,1,-0.6758667628649198,0.1911153222204197,0.0,0.0,1.28125,1.28125,False,False,False,0.2667748928070068,V2,0.7,2081
255,eca-154,154.0,2.0,False,1,-0.1542413217088853,-0.0190769499744928,0.0,0.0,1.0,1.0,False,False,False,0.2774965763092041,V2,0.7,2081
256,eca-156,156.0,2.0,False,1,-0.8084356373745706,0.4815648875359173,0.0,0.0,0.6666666666666666,0.6666666666666666,False,False,False,0.2783663272857666,V2,0.7,2081
257,eca-160,160.0,1.0,False,1,-0.5362312249384886,0.0,0.0,0.0,0.0,0.0,False,False,False,0.2813246250152588,V2,0.7,2081
258,eca-162,162.0,2.0,False,1,-0.5298258711849144,-0.0181971234992706,0.0,0.0,0.6041666666666666,0.6041666666666666,False,False,False,0.2654221057891845,V2,0.7,2081
259,eca-164,164.0,2.0,False,1,-0.8828030432123802,0.0,0.0,0.0,1.1041666666666667,1.1041666666666667,False,False,False,0.2874515056610107,V2,0.7,2081
260,eca-168,168.0,1.0,False,1,-1.4472283921397542,0.0,0.0,0.0,0.0,0.0,False,False,False,0.2288815975189209,V2,0.7,2081
261,eca-170,170.0,2.0,False,1,0.0,-0.2050217597586915,0.0,0.0,1.0,1.0,False,False,False,0.2742393016815185,V2,0.7,2081
262,eca-172,172.0,2.0,False,1,0.7360573327724959,0.0,0.0,0.0,1.0416666666666667,1.0416666666666667,False,False,False,0.2913620471954345,V2,0.7,2081
263,eca-178,178.0,2.0,False,1,-0.5055083757214093,0.0,0.0,0.0,0.53125,0.53125,False,False,False,0.2810366153717041,V2,0.7,2081
264,eca-184,184.0,2.0,False,1,-0.0082071770780096,0.0496247350840665,0.0,0.0,2.3125,2.3125,False,False,False,0.2748532295227051,V2,0.7,2081
265,eca-200,200.0,2.0,False,1,0.4701439115690815,0.0,0.0,0.0,1.1041666666666667,1.1041666666666667,False,False,False,0.3651142120361328,V2,0.7,2081
266,eca-204,204.0,2.0,False,1,0.0,0.0,0.0,0.0,1.0,1.0,False,False,False,0.2880599498748779,V2,0.7,2081
267,eca-232,232.0,2.0,False,1,-0.6732043734097964,0.0,0.0,0.0,0.46875,0.46875,False,False,False,0.2863097190856933,V2,0.7,2081
268,radius2-correction,,,False,2,0.0081627552895489,-0.0145759513933054,0.0,0.5740704479896886,20.3125,30.23958333333333,False,True,False,0.2710411548614502,V2,0.7,2081
269,radius2-pure-shift,,,False,2,0.0,-0.2092689293646524,0.0,0.0,1.0,1.0,False,False,False,0.1649332046508789,V2,0.7,2081
270,eca-0,0.0,1.0,False,1,0.0,0.0,0.0,0.0,0.0,0.0,False,False,False,0.3205075263977051,S1,0.1,2069
271,eca-1,1.0,2.0,False,1,0.4208485291810594,0.4646368661491116,0.1955417417221504,0.0,1.28125,1.28125,False,False,False,0.2500276565551758,S1,0.1,2069
272,eca-2,2.0,2.0,False,1,-0.7131444004951991,0.0087508354457857,0.0,0.0,1.0208333333333333,1.0208333333333333,False,False,False,0.2464540004730224,S1,0.1,2069
273,eca-3,3.0,2.0,False,1,0.0979460917484322,0.0735947518409095,0.0072083183160128,0.0,1.1354166666666667,1.1354166666666667,False,False,False,0.2501327991485595,S1,0.1,2069
274,eca-4,4.0,2.0,False,1,-0.4536841998278538,0.0,0.0,0.0,1.0625,1.0625,False,False,False,0.2452309131622314,S1,0.1,2069
275,eca-5,5.0,2.0,False,1,0.3641594087147174,0.8083425255715979,0.2943655361511145,0.0,1.21875,1.21875,True,False,False,0.2493364810943603,S1,0.1,2069
276,eca-6,6.0,2.0,False,1,-0.9428982197704509,0.0636984217049822,0.0,0.0,1.5416666666666667,1.5416666666666667,False,False,False,0.2441713809967041,S1,0.1,2069
277,eca-7,7.0,2.0,False,1,-0.6054613936013234,0.0130649108455351,0.0,0.0,0.03125,0.03125,False,False,False,0.2621769905090332,S1,0.1,2069
278,eca-8,8.0,1.0,False,1,-0.5845675173074668,0.0,0.0,0.0,0.0,0.0,False,False,False,0.2084989547729492,S1,0.1,2069
279,eca-9,9.0,2.0,False,1,0.1293285285371041,0.4469901734017999,0.0578085813965998,0.0,6.927083333333333,6.927083333333333,False,False,False,0.2404985427856445,S1,0.1,2069
280,eca-10,10.0,2.0,False,1,-0.0300898239176467,-0.004217313236269,0.0,0.0,1.0625,1.0625,False,False,False,0.2449216842651367,S1,0.1,2069
281,eca-11,11.0,2.0,False,1,0.3049203481584218,0.2102705812094927,0.0641157788298722,0.0,2.15625,2.15625,False,False,False,0.2628242969512939,S1,0.1,2069
282,eca-12,12.0,2.0,False,1,1.7645974201600494,0.0,0.0,0.0,1.0104166666666667,1.0104166666666667,False,False,False,0.2600846290588379,S1,0.1,2069
283,eca-13,13.0,2.0,False,1,-0.6764551974773442,0.0,0.0,0.0,0.1666666666666666,0.1666666666666666,False,False,False,0.2577910423278808,S1,0.1,2069
284,eca-14,14.0,2.0,False,1,0.8199117044618807,0.2125847675722878,0.1743007391228272,0.0,2.708333333333333,2.708333333333333,False,False,False,0.2687149047851562,S1,0.1,2069
285,eca-15,15.0,2.0,False,1,0.0,0.1476110198068947,0.0,0.0,1.0,1.0,False,False,False,0.2666709423065185,S1,0.1,2069
286,eca-18,18.0,3.0,False,1,-0.0247305301314927,0.1633670246226982,0.0,1.001541664865945,433.5520833333333,868.03125,False,True,False,0.2499129772186279,S1,0.1,2069
287,eca-19,19.0,2.0,False,1,-0.2311898636150831,0.0,0.0,0.0,0.1666666666666666,0.1666666666666666,False,False,False,0.2619588375091553,S1,0.1,2069
288,eca-22,22.0,3.0,False,1,-0.1420873416956198,0.137237084509186,0.0,0.9959849068455912,371.0625,740.0625,False,True,False,0.2669663429260254,S1,0.1,2069
289,eca-23,23.0,2.0,False,1,-1.3196101038823391,0.0,0.0,0.0,0.1041666666666666,0.1041666666666666,False,False,False,0.268625259399414,S1,0.1,2069
290,eca-24,24.0,2.0,False,1,0.0213512747576241,0.0074704506062447,0.0001595036434571,0.0,1.0625,1.0625,False,False,False,0.2534856796264648,S1,0.1,2069
291,eca-25,25.0,2.0,False,1,-0.0614901728261927,0.5584808989376006,0.0,0.0,9.59375,9.59375,False,False,False,0.2573702335357666,S1,0.1,2069
292,eca-26,26.0,2.0,False,1,-0.1718095386576424,0.0939761856831314,0.0,0.0,5.0625,5.0625,False,False,False,0.262270450592041,S1,0.1,2069
293,eca-27,27.0,2.0,False,1,0.0288156987549504,0.1797956631552863,0.0051809376669292,0.0,1.46875,1.46875,False,False,False,0.2630980014801025,S1,0.1,2069
294,eca-28,28.0,2.0,False,1,-1.3743458629114338,0.2538969096939404,0.0,0.0,0.3333333333333333,0.3333333333333333,False,False,False,0.2532875537872314,S1,0.1,2069
295,eca-29,29.0,2.0,False,1,1.1090563086193928,0.7140239451650094,0.791892760890561,0.0,1.1666666666666667,1.1666666666666667,True,False,False,0.317897081375122,S1,0.1,2069
296,eca-30,30.0,3.0,False,1,0.0016203414696285,-9.531034326970556e-05,0.0,0.9869246527358172,323.8541666666667,641.8645833333334,False,True,False,0.2776081562042236,S1,0.1,2069
297,eca-32,32.0,1.0,False,1,-0.2261335428165571,0.0,0.0,0.0,0.0,0.0,False,False,False,0.2112064361572265,S1,0.1,2069
298,eca-33,33.0,2.0,False,1,-0.2272869664332344,0.450196200393464,0.0,0.0,1.3333333333333333,1.3333333333333333,False,False,False,0.2505903244018554,S1,0.1,2069
299,eca-34,34.0,2.0,False,1,0.1660781395597877,-0.013375535871507,0.0,0.0,1.0,1.0,False,False,False,0.2484321594238281,S1,0.1,2069
300,eca-35,35.0,2.0,False,1,0.3141775449449424,0.1077410974579534,0.0338498334890135,0.0,1.3020833333333333,1.3020833333333333,False,False,False,0.25411057472229,S1,0.1,2069
301,eca-36,36.0,2.0,False,1,-0.4799079533131209,0.0,0.0,0.0,1.0416666666666667,1.0416666666666667,False,False,False,0.2499797344207763,S1,0.1,2069
302,eca-37,37.0,2.0,False,1,-0.5080564007460561,0.4434071038139264,0.0,0.0,5.489583333333333,5.489583333333333,False,False,False,0.253702163696289,S1,0.1,2069
303,eca-38,38.0,2.0,False,1,-1.1263416149660292,0.0322203378278367,0.0,0.0,1.0833333333333333,1.0833333333333333,False,False,False,0.3594832420349121,S1,0.1,2069
304,eca-40,40.0,1.0,False,1,-0.635007543229846,0.0,0.0,0.0,0.0,0.0,False,False,False,0.2227396965026855,S1,0.1,2069
305,eca-41,41.0,4.0,True,1,0.0007486917676732,0.3464222795177125,0.0002593635088135,0.0,44.66666666666666,44.66666666666666,False,False,False,0.2679336071014404,S1,0.1,2069
306,eca-42,42.0,2.0,False,1,0.6325210024003657,-0.0561723262366026,0.0,0.0,1.0520833333333333,1.0520833333333333,False,False,False,0.2512760162353515,S1,0.1,2069
307,eca-43,43.0,2.0,False,1,0.5340799491712559,0.2796667289810975,0.1493643923991159,0.0,2.7291666666666665,2.7291666666666665,False,False,False,0.2696821689605713,S1,0.1,2069
308,eca-44,44.0,2.0,False,1,0.954352370401279,0.0,0.0,0.0,1.0625,1.0625,False,False,False,0.2615282535552978,S1,0.1,2069
309,eca-45,45.0,3.0,False,1,0.0003099898731846,-0.000146230862672,0.0,0.994738798396283,300.46875,598.75,False,True,False,0.2721333503723144,S1,0.1,2069
310,eca-46,46.0,2.0,False,1,1.502204887165119,0.1592729793891717,0.239260648031763,0.0,1.90625,1.90625,True,False,False,0.2614994049072265,S1,0.1,2069
311,eca-50,50.0,2.0,False,1,-1.188208215195875,0.0,0.0,0.0,0.1666666666666666,0.1666666666666666,False,False,False,0.2858619689941406,S1,0.1,2069
312,eca-51,51.0,2.0,False,1,0.0,0.0,0.0,0.0,1.0,1.0,False,False,False,0.2754607200622558,S1,0.1,2069
313,eca-54,54.0,4.0,False,1,0.3441326604024546,0.617245203424226,0.2124142339750331,1.1013815179957676,179.0,384.0625,True,True,True,0.2665572166442871,S1,0.1,2069
314,eca-56,56.0,2.0,False,1,0.9302905843001968,-0.0120877682106072,0.0,0.0,1.1458333333333333,1.1458333333333333,False,False,False,0.2546453475952148,S1,0.1,2069
315,eca-57,57.0,2.0,False,1,-1.210542902630082,0.1153391839218115,0.0,0.0450554422543378,142.51041666666666,147.03125,False,False,False,0.2708220481872558,S1,0.1,2069
316,eca-58,58.0,2.0,False,1,-1.0640813246267762,0.0122561388981781,0.0,0.0,1.46875,1.46875,False,False,False,0.2619574069976806,S1,0.1,2069
317,eca-60,60.0,3.0,False,1,0.0,0.0032983675115997,0.0,0.997190466413176,257.0,513.0,False,True,False,0.2627429962158203,S1,0.1,2069
318,eca-62,62.0,2.0,False,1,0.6958776752578983,0.8070595222932336,0.5616147041681654,0.063242433991819,4.416666666666667,4.614583333333333,True,False,False,0.2720234394073486,S1,0.1,2069
319,eca-72,72.0,2.0,False,1,-0.7759234481992062,0.0,0.0,0.0,0.0833333333333333,0.0833333333333333,False,False,False,0.3332374095916748,S1,0.1,2069
320,eca-73,73.0,2.0,False,1,0.1250264328656953,0.6300384893182145,0.0787714648875478,0.0067573661753088,33.28125,33.4375,False,False,False,0.2563619613647461,S1,0.1,2069
321,eca-74,74.0,2.0,False,1,-0.7400668185904319,0.0187147982077657,0.0,0.0,1.59375,1.59375,False,False,False,0.2558224201202392,S1,0.1,2069
322,eca-76,76.0,2.0,False,1,0.4758845140963093,0.0,0.0,0.0,0.9895833333333334,0.9895833333333334,False,False,False,0.2645425796508789,S1,0.1,2069
323,eca-77,77.0,2.0,False,1,-1.0690670468307388,0.0,0.0,0.0,0.1666666666666666,0.1666666666666666,False,False,False,0.2627203464508056,S1,0.1,2069
324,eca-78,78.0,2.0,False,1,-1.0205520069754792,0.0,0.0,0.0,0.3541666666666667,0.3541666666666667,False,False,False,0.2628161907196045,S1,0.1,2069
325,eca-90,90.0,3.0,False,1,0.0,0.000199146562578,0.0,0.9985931787857544,513.0,1025.0,False,True,False,0.271026611328125,S1,0.1,2069
326,eca-94,94.0,2.0,False,1,-0.4758172708563824,0.3403433821786908,0.0,-0.0083634729346266,1.8020833333333333,1.7916666666666667,False,False,False,0.2786698341369629,S1,0.1,2069
327,eca-104,104.0,2.0,False,1,-1.6879990535945506,0.0,0.0,0.0,0.1666666666666666,0.1666666666666666,False,False,False,0.327991247177124,S1,0.1,2069
328,eca-105,105.0,3.0,False,1,0.0,-0.0001057287730784,0.0,0.9985931787857544,513.0,1025.0,False,True,False,0.2632379531860351,S1,0.1,2069
329,eca-106,106.0,4.0,True,1,0.0022623553244151,-0.0001063289949715,0.0,0.9935676346583914,220.10416666666663,438.25,False,True,False,0.2793977260589599,S1,0.1,2069
330,eca-108,108.0,2.0,False,1,0.1912003721319744,0.0481786953029847,0.0092117844707636,0.0,1.0416666666666667,1.0416666666666667,False,False,False,0.2676067352294922,S1,0.1,2069
331,eca-110,110.0,4.0,False,1,0.2519498547405294,0.8912306908680548,0.2245454431045081,0.8594512917712313,62.0,112.48958333333331,True,True,True,0.2801375389099121,S1,0.1,2069
332,eca-122,122.0,3.0,False,1,0.6458827170481437,-4.584204321617103e-05,0.0,1.0046984142892394,490.1770833333333,983.5520833333334,False,True,False,0.2863180637359619,S1,0.1,2069
333,eca-126,126.0,3.0,False,1,0.2970416115375832,-6.713360360721676e-05,0.0,1.003125041937928,506.7916666666667,1015.78125,False,True,False,0.315427303314209,S1,0.1,2069
334,eca-128,128.0,1.0,False,1,-0.3052772462046091,0.0,0.0,0.0,0.0,0.0,False,False,False,0.2453222274780273,S1,0.1,2069
335,eca-130,130.0,2.0,False,1,-0.5527171015135128,0.0087508354457857,0.0,0.0,1.0208333333333333,1.0208333333333333,False,False,False,0.249767780303955,S1,0.1,2069
336,eca-132,132.0,2.0,False,1,-0.7254562564859031,0.0,0.0,0.0,1.0625,1.0625,False,False,False,0.2516779899597168,S1,0.1,2069
337,eca-134,134.0,2.0,False,1,-0.6664784598368357,0.0673981379453185,0.0,0.0,1.6145833333333333,1.6145833333333333,False,False,False,0.2655198574066162,S1,0.1,2069
338,eca-136,136.0,1.0,False,1,-0.8095340889624613,0.0,0.0,0.0,0.0,0.0,False,False,False,0.2158551216125488,S1,0.1,2069
339,eca-138,138.0,2.0,False,1,-0.5953781963342196,-0.0099482442831864,0.0,0.0,1.0208333333333333,1.0208333333333333,False,False,False,0.2611868381500244,S1,0.1,2069
340,eca-140,140.0,2.0,False,1,0.5227248732820285,0.0,0.0,0.0,1.0104166666666667,1.0104166666666667,False,False,False,0.2712206840515136,S1,0.1,2069
341,eca-142,142.0,2.0,False,1,0.5357661838193951,0.2029852551382429,0.1087526355170227,0.0,2.71875,2.71875,False,False,False,0.2800393104553222,S1,0.1,2069
342,eca-146,146.0,3.0,False,1,-0.1402531959545831,0.163840349575791,0.0,1.0014198882030805,507.78125,1016.5625,False,True,False,0.2987899780273437,S1,0.1,2069
343,eca-150,150.0,3.0,False,1,0.0,-0.000103428806019,0.0,0.9985931787857544,513.0,1025.0,False,True,False,0.2555563449859619,S1,0.1,2069
344,eca-152,152.0,2.0,False,1,-0.3713329428868067,0.0073453026802876,0.0,0.0,1.0625,1.0625,False,False,False,0.2605469226837158,S1,0.1,2069
345,eca-154,154.0,2.0,False,1,0.5283522060346614,0.0847230825177836,0.0447636275503276,0.0,1.0,1.0,False,False,False,0.2688794136047363,S1,0.1,2069
346,eca-156,156.0,2.0,False,1,-1.1797175611970496,0.2538969096939404,0.0,0.0,0.25,0.25,False,False,False,0.2829957008361816,S1,0.1,2069
347,eca-160,160.0,1.0,False,1,-0.5362312249384886,0.0,0.0,0.0,0.0,0.0,False,False,False,0.2187483310699463,S1,0.1,2069
348,eca-162,162.0,2.0,False,1,0.709129384501166,-0.0123924249288075,0.0,0.0,0.9895833333333334,0.9895833333333334,False,False,False,0.2741332054138183,S1,0.1,2069
349,eca-164,164.0,2.0,False,1,-0.7820270213533492,0.0,0.0,0.0,1.1458333333333333,1.1458333333333333,False,False,False,0.2835204601287842,S1,0.1,2069
350,eca-168,168.0,1.0,False,1,-1.4472283921397542,0.0,0.0,0.0,0.0,0.0,False,False,False,0.2854433059692383,S1,0.1,2069
351,eca-170,170.0,2.0,False,1,0.0,-0.0650254047697025,0.0,0.0,1.0,1.0,False,False,False,0.2808172702789306,S1,0.1,2069
352,eca-172,172.0,2.0,False,1,0.5939287121709337,0.0,0.0,0.0,1.0625,1.0625,False,False,False,0.2952766418457031,S1,0.1,2069
353,eca-178,178.0,2.0,False,1,-1.0690670468307388,0.0,0.0,0.0,0.1666666666666666,0.1666666666666666,False,False,False,0.2851631641387939,S1,0.1,2069
354,eca-184,184.0,2.0,False,1,1.0915433318790546,-0.0085995414229078,0.0,0.0,1.125,1.125,False,False,False,0.2803187370300293,S1,0.1,2069
355,eca-200,200.0,2.0,False,1,-0.7644939409980435,0.0,0.0,0.0,0.0625,0.0625,False,False,False,0.2897813320159912,S1,0.1,2069
356,eca-204,204.0,2.0,False,1,0.0,0.0,0.0,0.0,1.0,1.0,False,False,False,0.2779221534729004,S1,0.1,2069
357,eca-232,232.0,2.0,False,1,-1.3196101038823391,0.0,0.0,0.0,0.1041666666666666,0.1041666666666666,False,False,False,0.3204691410064697,S1,0.1,2069
358,radius2-correction,,,False,2,-0.2625225503926781,-0.0701262067103357,0.0,0.0,1.0,1.0,False,False,False,0.3482701778411865,S1,0.1,2069
359,radius2-pure-shift,,,False,2,0.0,-0.0701262067103357,0.0,0.0,1.0,1.0,False,False,False,0.1585893630981445,S1,0.1,2069
360,eca-0,0.0,1.0,False,1,0.0,0.0,0.0,0.0,0.0,0.0,False,False,False,0.3009676933288574,S2,0.9,2099
361,eca-1,1.0,2.0,False,1,-0.0739480552308984,0.0218334854907129,0.0,0.0,0.0,0.0,False,False,False,0.2445588111877441,S2,0.9,2099
362,eca-2,2.0,2.0,False,1,-1.376959986048118,-0.0038199875016455,0.0,0.0,0.9791666666666666,0.9791666666666666,False,False,False,0.2549116611480713,S2,0.9,2099
363,eca-3,3.0,2.0,False,1,-0.2617258652018893,0.021109763016162,0.0,0.0,0.0208333333333333,0.0208333333333333,False,False,False,0.2506732940673828,S2,0.9,2099
364,eca-4,4.0,2.0,False,1,-1.0970814151614745,0.0,0.0,0.0,1.0,1.0,False,False,False,0.237786054611206,S2,0.9,2099
365,eca-5,5.0,2.0,False,1,0.1993792446435541,0.1855770159920998,0.0370002052717096,0.0,0.0520833333333333,0.0520833333333333,False,False,False,0.2572159767150879,S2,0.9,2099
366,eca-6,6.0,2.0,False,1,-1.521119335702359,0.0052260625287197,0.0,0.0,1.1145833333333333,1.1145833333333333,False,False,False,0.2578201293945312,S2,0.9,2099
367,eca-7,7.0,2.0,False,1,-0.6456922022215067,0.004721159301914,0.0,0.0,0.0104166666666666,0.0104166666666666,False,False,False,0.2606701850891113,S2,0.9,2099
368,eca-8,8.0,1.0,False,1,-0.5845675173074668,0.0,0.0,0.0,0.0,0.0,False,False,False,0.2125391960144043,S2,0.9,2099
369,eca-9,9.0,2.0,False,1,0.1418877557259339,0.472382388419776,0.0670252769373384,0.0,7.8125,7.8125,False,False,False,0.2461152076721191,S2,0.9,2099
370,eca-10,10.0,2.0,False,1,-0.0437012388989822,0.0003387418618848,0.0,0.0,1.0625,1.0625,False,False,False,0.2519161701202392,S2,0.9,2099
371,eca-11,11.0,2.0,False,1,0.306000092794542,0.2444481138003806,0.0748011455063672,0.0,2.1041666666666665,2.1041666666666665,False,False,False,0.2649643421173095,S2,0.9,2099
372,eca-12,12.0,2.0,False,1,1.731395106079125,0.0,0.0,0.0,1.0520833333333333,1.0520833333333333,False,False,False,0.2524728775024414,S2,0.9,2099
373,eca-13,13.0,2.0,False,1,-0.6741602480009657,0.0,0.0,0.0,0.2708333333333333,0.2708333333333333,False,False,False,0.268545389175415,S2,0.9,2099
374,eca-14,14.0,2.0,False,1,0.7866246062419471,0.2048332647689665,0.1611268862441408,0.0,2.7916666666666665,2.7916666666666665,False,False,False,0.2598891258239746,S2,0.9,2099
375,eca-15,15.0,2.0,False,1,0.0,0.1603906642426091,0.0,0.0,1.0,1.0,False,False,False,0.2762703895568847,S2,0.9,2099
376,eca-18,18.0,3.0,False,1,-0.1227532237260439,0.1607501337354737,0.0,1.0014658105025285,456.0,912.9270833333334,False,True,False,0.2634422779083252,S2,0.9,2099
377,eca-19,19.0,2.0,False,1,-0.264690716926078,0.0,0.0,0.0,0.03125,0.03125,False,False,False,0.2808785438537597,S2,0.9,2099
378,eca-22,22.0,3.0,False,1,-0.1439945739057635,0.1374861501459281,0.0,1.004201735978616,362.5,727.1145833333334,False,True,False,0.2758631706237793,S2,0.9,2099
379,eca-23,23.0,2.0,False,1,-1.3291383520328282,0.0,0.0,0.0,0.03125,0.03125,False,False,False,0.2840182781219482,S2,0.9,2099
380,eca-24,24.0,2.0,False,1,0.0145427258686143,0.0103762064606165,0.0001508983261128,0.0,1.0104166666666667,1.0104166666666667,False,False,False,0.2528543472290039,S2,0.9,2099
381,eca-25,25.0,2.0,False,1,-0.0671006586061172,0.57056967819149,0.0,0.0,8.364583333333334,8.364583333333334,False,False,False,0.3698189258575439,S2,0.9,2099
382,eca-26,26.0,2.0,False,1,-0.1720083716951075,0.1042247338023418,0.0,0.0,11.583333333333334,11.583333333333334,False,False,False,0.32916259765625,S2,0.9,2099
383,eca-27,27.0,2.0,False,1,0.0513520184481318,0.1858044812513775,0.0095414351489663,0.0,1.0833333333333333,1.0833333333333333,False,False,False,0.2837581634521484,S2,0.9,2099
384,eca-28,28.0,2.0,False,1,-1.3635635338068834,0.2595872506534195,0.0,0.0,0.3125,0.3125,False,False,False,0.2702274322509765,S2,0.9,2099
385,eca-29,29.0,2.0,False,1,1.1122268336162786,0.7128461946904772,0.7928466659760027,0.0,1.1458333333333333,1.1458333333333333,True,False,False,0.2757441997528076,S2,0.9,2099
386,eca-30,30.0,3.0,False,1,0.0003802944038663,-0.0001007378599661,0.0,0.9940042901158584,320.2395833333333,637.8229166666666,False,True,False,0.2800467014312744,S2,0.9,2099
387,eca-32,32.0,1.0,False,1,-0.2261335428165571,0.0,0.0,0.0,0.0,0.0,False,False,False,0.2177271842956543,S2,0.9,2099
388,eca-33,33.0,2.0,False,1,-0.2716669176187449,0.4364554649463217,0.0,0.0,2.65625,2.65625,False,False,False,0.2618305683135986,S2,0.9,2099
389,eca-34,34.0,2.0,False,1,0.1575355434627355,-0.0139062437545963,0.0,0.0,1.0104166666666667,1.0104166666666667,False,False,False,0.2493643760681152,S2,0.9,2099
390,eca-35,35.0,2.0,False,1,0.2969476309984292,0.125445859914303,0.0372508509201131,0.0,1.9270833333333333,1.9270833333333333,False,False,False,0.2737536430358886,S2,0.9,2099
391,eca-36,36.0,2.0,False,1,-0.4784155985145399,0.0,0.0,0.0,1.03125,1.03125,False,False,False,0.2632298469543457,S2,0.9,2099
392,eca-37,37.0,2.0,False,1,-0.5087957368821728,0.4251425583805833,0.0,0.0,5.666666666666667,5.666666666666667,False,False,False,0.2767896652221679,S2,0.9,2099
393,eca-38,38.0,2.0,False,1,-1.1326664667117397,0.0442206413706225,0.0,0.0,1.2708333333333333,1.2708333333333333,False,False,False,0.2841684818267822,S2,0.9,2099
394,eca-40,40.0,1.0,False,1,-0.635007543229846,0.0,0.0,0.0,0.0,0.0,False,False,False,0.221421480178833,S2,0.9,2099
395,eca-41,41.0,4.0,True,1,0.0125661407886279,0.3893485409525711,0.0048926085814568,0.0422765632964743,83.71875,86.20833333333333,False,False,False,0.2627496719360351,S2,0.9,2099
396,eca-42,42.0,2.0,False,1,0.0067407948236206,0.1296218772036392,0.0008737544788822,0.0,1.1041666666666667,1.1041666666666667,False,False,False,0.2575440406799316,S2,0.9,2099
397,eca-43,43.0,2.0,False,1,0.5422516983677331,0.2695283472950248,0.1461522040789754,0.0,2.364583333333333,2.364583333333333,False,False,False,0.2791686058044433,S2,0.9,2099
398,eca-44,44.0,2.0,False,1,0.9234651453939436,0.0,0.0,0.0,1.0729166666666667,1.0729166666666667,False,False,False,0.2682867050170898,S2,0.9,2099
399,eca-45,45.0,3.0,False,1,0.0006802417250845,-0.0001313630717152,0.0,1.0055489787777223,298.6875,599.6770833333334,False,True,False,0.3106427192687988,S2,0.9,2099
400,eca-46,46.0,2.0,False,1,1.4602545822474926,0.1600710155571001,0.2337444339522651,0.0,2.0,2.0,True,False,False,0.2715744972229004,S2,0.9,2099
401,eca-50,50.0,2.0,False,1,-1.19974311706701,0.0,0.0,0.0,0.1770833333333333,0.1770833333333333,False,False,False,0.2615764141082763,S2,0.9,2099
402,eca-51,51.0,2.0,False,1,0.0,0.0,0.0,0.0,1.0,1.0,False,False,False,0.2808413505554199,S2,0.9,2099
403,eca-54,54.0,4.0,False,1,0.3438407943086616,0.6215793096164972,0.2137243235443659,1.0497112485050208,201.15625,416.4166666666667,True,True,True,0.2785272598266601,S2,0.9,2099
404,eca-56,56.0,2.0,False,1,0.4312858824198253,0.1746918447295464,0.0753421264057295,0.0,1.6145833333333333,1.6145833333333333,False,False,False,0.2641596794128418,S2,0.9,2099
405,eca-57,57.0,2.0,False,1,-1.2051228562634373,0.1081191932423801,0.0,0.0282221738898135,126.55208333333331,129.05208333333334,False,False,False,0.2859213352203369,S2,0.9,2099
406,eca-58,58.0,2.0,False,1,-1.1068269148038723,0.0898467785493225,0.0,0.0,2.4375,2.4375,False,False,False,0.2910873889923095,S2,0.9,2099
407,eca-60,60.0,3.0,False,1,0.0,0.003518831715,0.0,0.997190466413176,257.0,513.0,False,True,False,0.3430027961730957,S2,0.9,2099
408,eca-62,62.0,2.0,False,1,0.7175625560951208,0.7970756678583477,0.5719516536296615,0.0522772788670547,5.645833333333333,5.854166666666667,True,False,False,0.2839417457580566,S2,0.9,2099
409,eca-72,72.0,2.0,False,1,-0.7882176227335943,0.0,0.0,0.0,0.0833333333333333,0.0833333333333333,False,False,False,0.2524676322937011,S2,0.9,2099
410,eca-73,73.0,2.0,False,1,0.1277434938862786,0.6232803047896387,0.0796200038043331,0.0142546327054255,32.520833333333336,32.84375,False,False,False,0.2618858814239502,S2,0.9,2099
411,eca-74,74.0,2.0,False,1,-0.6994080555814484,0.0621174434898297,0.0,0.0,1.5,1.5,False,False,False,0.2641406059265136,S2,0.9,2099
412,eca-76,76.0,2.0,False,1,0.0815829430845834,0.0,0.0,0.0,0.8958333333333334,0.8958333333333334,False,False,False,0.2696189880371094,S2,0.9,2099
413,eca-77,77.0,2.0,False,1,-1.0783919913963909,0.0,0.0,0.0,0.1770833333333333,0.1770833333333333,False,False,False,0.2732059955596924,S2,0.9,2099
414,eca-78,78.0,2.0,False,1,-1.0144573669481478,0.0,0.0,0.0,0.2916666666666667,0.2916666666666667,False,False,False,0.2649762630462646,S2,0.9,2099
415,eca-90,90.0,3.0,False,1,0.0,0.0001494935384604,0.0,0.9985931787857544,513.0,1025.0,False,True,False,0.3554518222808838,S2,0.9,2099
416,eca-94,94.0,2.0,False,1,-0.4609629346988933,0.3900492382928807,0.0,0.0178112761164606,1.6770833333333333,1.6979166666666667,False,False,False,0.2886769771575928,S2,0.9,2099
417,eca-104,104.0,2.0,False,1,-1.7541989256209227,0.0,0.0,0.0,0.0208333333333333,0.0208333333333333,False,False,False,0.2611784934997558,S2,0.9,2099
418,eca-105,105.0,3.0,False,1,0.0,-9.994845949229392e-05,0.0,0.9985931787857544,513.0,1025.0,False,True,False,0.2783052921295166,S2,0.9,2099
419,eca-106,106.0,4.0,True,1,0.0009926921107997,-0.0002691077556676,0.0,0.9992302681204962,224.5833333333333,448.9270833333333,False,True,False,0.2837939262390136,S2,0.9,2099
420,eca-108,108.0,2.0,False,1,0.3386536255197771,0.3135494588236343,0.1061846610103878,0.0,1.34375,1.34375,False,False,False,0.2882177829742431,S2,0.9,2099
421,eca-110,110.0,4.0,False,1,0.2521709384208726,0.9001210642009657,0.226984373451952,0.7874717586954315,87.30208333333333,150.6875,True,True,True,0.2859759330749511,S2,0.9,2099
422,eca-122,122.0,3.0,False,1,0.6473600199332795,-6.0823410982902e-05,0.0,1.0058324453021543,495.0,994.0104166666666,False,True,False,0.340052843093872,S2,0.9,2099
423,eca-126,126.0,3.0,False,1,0.2964689249156466,-6.624492711737595e-05,0.0,1.0024456814101117,497.3020833333333,996.2916666666666,False,True,False,0.3309962749481201,S2,0.9,2099
424,eca-128,128.0,1.0,False,1,-0.3052772462046091,0.0,0.0,0.0,0.0,0.0,False,False,False,0.2197134494781494,S2,0.9,2099
425,eca-130,130.0,2.0,False,1,-0.2574073740417829,0.3480214682280427,0.0,0.0,0.9375,0.9375,False,False,False,0.259232759475708,S2,0.9,2099
426,eca-132,132.0,2.0,False,1,-0.9332287173671836,0.0,0.0,0.0,1.0,1.0,False,False,False,0.2634615898132324,S2,0.9,2099
427,eca-134,134.0,2.0,False,1,-0.4436916408498952,0.5599637288242092,0.0,0.0,2.1875,2.1875,False,False,False,0.2703893184661865,S2,0.9,2099
428,eca-136,136.0,1.0,False,1,-0.8095340889624613,0.0,0.0,0.0,0.0,0.0,False,False,False,0.2220211029052734,S2,0.9,2099
429,eca-138,138.0,2.0,False,1,1.0241856732098125,0.0951592801188691,0.0974607713707051,0.0,1.75,1.75,False,False,False,0.299457311630249,S2,0.9,2099
430,eca-140,140.0,2.0,False,1,0.5268587791733498,0.0,0.0,0.0,1.0520833333333333,1.0520833333333333,False,False,False,0.3442122936248779,S2,0.9,2099
431,eca-142,142.0,2.0,False,1,0.5421010036085918,0.1921780634029575,0.1041799210422988,0.0,2.6041666666666665,2.6041666666666665,False,False,False,0.2912137508392334,S2,0.9,2099
432,eca-146,146.0,3.0,False,1,-0.1402527291825499,0.1626670361277244,0.0,1.001212883319363,507.7916666666667,1016.4375,False,True,False,0.2783992290496826,S2,0.9,2099
433,eca-150,150.0,3.0,False,1,0.0,-0.0001070768594058,0.0,0.9985931787857544,513.0,1025.0,False,True,False,0.2849576473236084,S2,0.9,2099
434,eca-152,152.0,2.0,False,1,-0.8845074162461758,0.4136303474732876,0.0,0.0,1.3541666666666667,1.3541666666666667,False,False,False,0.2647900581359863,S2,0.9,2099
435,eca-154,154.0,2.0,False,1,-0.126840445563647,-0.0038981759489362,0.0,0.0,1.0,1.0,False,False,False,0.2816612720489502,S2,0.9,2099
436,eca-156,156.0,2.0,False,1,-1.17286799260756,0.2595872506534195,0.0,0.0,0.3125,0.3125,False,False,False,0.2905147075653076,S2,0.9,2099
437,eca-160,160.0,1.0,False,1,-0.5362312249384886,0.0,0.0,0.0,0.0,0.0,False,False,False,0.2261145114898681,S2,0.9,2099
438,eca-162,162.0,2.0,False,1,-0.6524111913351299,-0.0068217592438809,0.0,0.0,0.6041666666666666,0.6041666666666666,False,False,False,0.3783998489379883,S2,0.9,2099
439,eca-164,164.0,2.0,False,1,-1.0591835735874968,0.0,0.0,0.0,1.03125,1.03125,False,False,False,0.2860021591186523,S2,0.9,2099
440,eca-168,168.0,1.0,False,1,-1.4472283921397542,0.0,0.0,0.0,0.0,0.0,False,False,False,0.2358858585357666,S2,0.9,2099
441,eca-170,170.0,2.0,False,1,0.0,-0.0488699720711926,0.0,0.0,1.0,1.0,False,False,False,0.2780959606170654,S2,0.9,2099
442,eca-172,172.0,2.0,False,1,1.2760607857253023,0.0,0.0,0.0,1.0104166666666667,1.0104166666666667,False,False,False,0.2901031970977783,S2,0.9,2099
443,eca-178,178.0,2.0,False,1,-1.0783919913963909,0.0,0.0,0.0,0.1770833333333333,0.1770833333333333,False,False,False,0.2918767929077148,S2,0.9,2099
444,eca-184,184.0,2.0,False,1,1.0961927148477577,-0.0075213890135479,0.0,0.0,1.1666666666666667,1.1666666666666667,False,False,False,0.2842423915863037,S2,0.9,2099
445,eca-200,200.0,2.0,False,1,0.3842835638757558,0.0,0.0,0.0,1.1458333333333333,1.1458333333333333,False,False,False,0.3537664413452148,S2,0.9,2099
446,eca-204,204.0,2.0,False,1,0.0,0.0,0.0,0.0,1.0,1.0,False,False,False,0.2813799381256103,S2,0.9,2099
447,eca-232,232.0,2.0,False,1,-1.3291383520328282,0.0,0.0,0.0,0.03125,0.03125,False,False,False,0.280102014541626,S2,0.9,2099
448,radius2-correction,,,False,2,0.0284430010313339,-0.0034079147690794,0.0,0.6089750445704013,16.34375,24.92708333333333,False,True,False,0.2462527751922607,S2,0.9,2099
449,radius2-pure-shift,,,False,2,0.0,-0.0435592045620051,0.0,0.0,1.0,1.0,False,False,False,0.1556818485260009,S2,0.9,2099
