alias,F1.predictive_gain.primary.h12.mean,F1.predictive_gain.primary.h12.range,F1.predictive_gain.primary.h4.mean,F1.predictive_gain.primary.h4.range,F1.predictive_gain.primary.h8.mean,F1.predictive_gain.primary.h8.range,F1.predictive_gain.replication.h12.mean,F1.predictive_gain.replication.h12.range,F1.predictive_gain.replication.h4.mean,F1.predictive_gain.replication.h4.range,F1.predictive_gain.replication.h8.mean,F1.predictive_gain.replication.h8.range,F1.residual_uncertainty.primary.h12.mean,F1.residual_uncertainty.primary.h12.range,F1.residual_uncertainty.primary.h4.mean,F1.residual_uncertainty.primary.h4.range,F1.residual_uncertainty.primary.h8.mean,F1.residual_uncertainty.primary.h8.range,F1.residual_uncertainty.replication.h12.mean,F1.residual_uncertainty.replication.h12.range,F1.residual_uncertainty.replication.h4.mean,F1.residual_uncertainty.replication.h4.range,F1.residual_uncertainty.replication.h8.mean,F1.residual_uncertainty.replication.h8.range,F1.retention.primary.w5.mean,F1.retention.primary.w5.range,F1.retention.primary.w7.mean,F1.retention.primary.w7.range,F1.retention.primary.w9.mean,F1.retention.primary.w9.range,F1.retention.replication.w5.mean,F1.retention.replication.w5.range,F1.retention.replication.w7.mean,F1.retention.replication.w7.range,F1.retention.replication.w9.mean,F1.retention.replication.w9.range,F2.commutator_history_gain.max,F2.commutator_history_gain.mean,F2.commutator_history_gain.min,F2.commutator_history_gain.range,F3.compatible_partner_fraction,F3.forced_domain_fraction,F3.forced_one_fraction,F3.mean_additional_pins_compatible,F3.mean_conflicting_keys_all_partners,F3.mean_shared_keys_all_partners,F3.mean_shared_keys_compatible,F3.nonvacuous_given_compatible,F3.occupied_partner_fraction
anon_006,0.0,0.0,0.0,0.0,0.0,0.0,0.0,0.0,0.0,0.0,0.0,0.0,0.0,0.0,0.0,0.0,0.0,0.0,0.0,0.0,0.0,0.0,0.0,0.0,0.0,0.0,0.0,0.0,0.0,0.0,0.0,0.0,0.0,0.0,0.0,0.0,0.0,0.0,0.0,0.0,1.0,0.008352947616180415,0.41939711664482304,1171.2941176470588,0.0,36.003921568627455,36.003921568627455,0.4980392156862745,0.4980392156862745
anon_005,0.4368759982758825,0.04096397964018378,0.4368759982758825,0.04096397964018378,0.4368759982758825,0.04096397964018378,0.42105603209059134,0.01863671302155767,0.42105603209059134,0.01863671302155767,0.42105603209059134,0.01863671302155767,0.0,0.0,0.0,0.0,0.0,0.0,0.0,0.0,0.0,0.0,0.0,0.0,0.2695878789506529,0.10765014841301912,0.3774765563658262,0.22019890993827818,0.5372497512003294,0.2493007274475802,0.2511414323561049,0.07572032183814473,0.3498083111744649,0.12495134556958165,0.5069487730836825,0.13740647757220614,-0.04674209751220959,-0.06775784945712544,-0.09505922961344115,0.048317132101231564,0.4745098039215686,0.010378236356669769,0.39556962025316456,1161.8512396694214,1.4980392156862745,29.03529411764706,28.56198347107438,0.47107438016528924,0.2235294117647059
anon_085,-0.2773126923808437,0.016708667800632848,0.027840448827879533,0.002154536497416204,-0.04388499166469351,0.01281417646645111,-0.12286607050372655,0.10477561265280588,0.03421669975437053,0.005517897320966969,0.024252157313156136,0.0037574118393019496,0.4056024260085843,0.01448629241627647,0.48407410402860535,0.004089470094211567,0.4598908906114836,0.0049618357360982634,0.4496077105340752,0.017368777820876757,0.48710661610620926,0.0212887782032678,0.4824256420945892,0.021410761181189786,-0.36129904599634005,0.07743287981122615,-0.2747839781103334,0.09559381792352051,-0.23051784981460588,0.11349824329096836,-0.3401197395297519,0.2187127751676573,-0.25170825926169615,0.25727876131017036,-0.20446705992925232,0.2993788521034334,-0.03262761267561065,-0.040632949211144354,-0.049966079492601456,0.017338466816990805,1.0,0.010454868903607204,0.4900523560209424,1167.5764705882352,0.0,38.96862745098039,38.96862745098039,0.5607843137254902,0.5607843137254902
anon_023,0.054505844405863674,0.008689088632297837,0.05732289350329456,0.007805668330416182,0.05978545138295088,0.009497405596265773,0.05937514619540818,0.007361458738639359,0.05787392804547162,0.009545633953538635,0.06171493765729888,0.00985159528108076,0.3562145281354655,0.013603796406891522,0.3668707076623552,0.012988747413298807,0.361391294388263,0.014739201866703078,0.3660671307670129,0.014993072872992619,0.3763386987212373,0.013466174544472631,0.3716463023416614,0.013163360888267361,0.28555620625629863,0.025071519296475497,0.3280881799399621,0.07456771920759003,0.41974726728664263,0.08693149169649483,0.2977275256118688,0.06488745920820521,0.3605967885475742,0.11736118942180851,0.45763285477588483,0.13473058337216381,-0.016347909352545487,-0.017966976421256293,-0.019358782660115703,0.0030108733075702165,0.48627450980392156,0.010509606437133943,0.425,1171.4354838709678,1.2,27.50588235294118,30.241935483870968,0.5483870967741935,0.26666666666666666
anon_063,0.0,0.0,0.0,0.0,0.0,0.0,0.0,0.0,0.0,0.0,0.0,0.0,0.0,0.0,0.0,0.0,0.0,0.0,0.0,0.0,0.0,0.0,0.0,0.0,-0.5476902425028105,0.5437127208727998,-0.20734628942867486,0.5103126858584384,-0.1983463241454756,0.5950044079330037,-0.49512532944286236,0.3822873882272263,-0.15901975255229364,0.36423456284642997,-0.14200029455681765,0.4257401890410763,0.0,0.0,0.0,0.0,0.8745098039215686,0.008352947616180415,0.272608125819135,1161.3901345291479,0.12549019607843137,38.85098039215686,37.93273542600897,0.6053811659192825,0.5294117647058824
anon_070,0.9710452653631474,0.03364079477656612,0.9710452653631474,0.03364079477656612,0.9710452653631474,0.03364079477656612,0.9823379210734073,0.021714286326253163,0.9823379210734073,0.021714286326253163,0.9823379210734073,0.021714286326253163,0.0,0.0,0.0,0.0,0.0,0.0,0.0,0.0,0.0,0.0,0.0,0.0,0.41609814322455446,0.051871313247505435,0.4878067198136035,0.13342884221209772,0.5209086400303955,0.23618405732156816,0.4166619618468099,0.03157384284630754,0.4777812555528591,0.06820601394216119,0.5082294430203764,0.12652613667334411,0.017661772612620807,0.015379830201857106,0.01316291045767748,0.004498862154943328,0.48627450980392156,0.012086047402704034,0.23731884057971014,1160.7903225806451,0.8,31.08235294117647,34.54838709677419,0.6451612903225806,0.3137254901960784
anon_067,-0.2584204947957813,0.16692295520513845,0.17560143575958648,0.012271857264719244,0.12963592697666776,0.06801293494260119,0.0016118670671904645,0.045985052601800525,0.21645879819076708,0.04533042328151726,0.2065661551760879,0.04274457637607809,0.46763170958285527,0.005479114619936998,0.5819796854022272,0.017365657007434865,0.5650116445916153,0.027253003883011107,0.5099127639485087,0.022892944492001133,0.5768006050375608,0.013921717691889546,0.5662165967418054,0.018136028594813114,-0.377863465847212,0.33476550429672397,-0.2806898534182182,0.41189020544617133,-0.24540964406973118,0.4587056938226737,-0.28692412358646424,0.2579754574978874,-0.17176664423885626,0.32388216759808097,-0.1268111304882371,0.3642945109183592,0.04292649680973021,0.035019103077222204,0.025270204888279413,0.017656291921450795,0.9686274509803922,0.013213640593354864,0.4125932062966031,1166.6963562753037,0.10588235294117647,34.286274509803924,30.271255060728745,0.611336032388664,0.592156862745098
anon_036,0.010426831465739417,0.016255419165410068,0.022423965236941068,0.004323881440879029,0.022873237005805583,0.0057467255303775,0.024813337778055333,0.013782183893378042,0.027479529558054563,0.006096186003583054,0.02631108483678643,0.006382147298036822,0.23805266479161938,0.01029720323962291,0.24296823379540883,0.011778016105197742,0.24095144834667914,0.01040158458761753,0.25241005346698336,0.00955823821196869,0.2554259543097359,0.013137424923456459,0.25497256555404185,0.012875780266338704,-0.12436609148312133,0.033749882205515544,-0.319495529230733,0.09418868693629112,-0.36554223772234323,0.1257155992168676,-0.12973743480216696,0.03527170449675737,-0.28021718011463703,0.08489342209291512,-0.31398532196236584,0.11090875875543282,0.007950054051059363,0.007415695746765594,0.0070411505750417325,0.0009089034760176307,0.48627450980392156,0.013531118287809951,0.34951456310679613,1175.3951612903227,1.1529411764705881,27.764705882352942,29.806451612903224,0.6129032258064516,0.2980392156862745
anon_051,0.0,0.0,0.0,0.0,0.0,0.0,0.0,0.0,0.0,0.0,0.0,0.0,0.0,0.0,0.0,0.0,0.0,0.0,0.0,0.0,0.0,0.0,0.0,0.0,0.0,0.0,-0.5845675173074668,0.0,-0.8044562550533879,0.0,0.0,0.0,-0.5845675173074668,0.0,-0.8044562550533879,0.0,0.0,0.0,0.0,0.0,0.9921568627450981,0.008352947616180415,0.41939711664482304,1179.2490118577075,0.0392156862745098,27.227450980392156,27.205533596837945,0.5019762845849802,0.4980392156862745
anon_015,0.5857814361112875,0.09848148516427524,0.6297245335073929,0.03618447816988013,0.6355362709938617,0.08200468091460922,0.5569648691970517,0.08741569944575212,0.5973632280796046,0.02485151676034547,0.612769771270027,0.04584870195362778,0.196776037935419,0.019464550693002014,0.271480917738414,0.03225658236935103,0.22953288757083123,0.03107703414245952,0.2539265111688614,0.014672144893556421,0.2986670310705438,0.02068521439972637,0.26620900711036805,0.021359186393481,0.14123654219817025,0.009517432726952407,0.28048289207479377,0.06175652232727363,0.3770331810926402,0.06542511516211658,0.13915417056848634,0.014068889011398078,0.26892716228903274,0.05588857685435342,0.3634448482439285,0.06537012331845415,0.14148456138339782,0.12704796394058906,0.10137231386973877,0.04011224751365905,0.4470588235294118,0.014187968690130823,0.4876543209876543,1170.078947368421,1.3411764705882352,24.870588235294118,11.947368421052632,0.4473684210526316,0.2
anon_081,-1.2481562261972252,0.18311281305954186,0.09866955802132948,0.05384033070820493,-0.04767375508239863,0.07661116686935487,-0.9996948367078433,0.04858714491669425,0.13491028768512214,0.011990025100667268,0.047879612599494026,0.02676570799251765,0.3624574432565903,0.027094502343313565,0.6692435827342775,0.014278219972285067,0.6105987161196789,0.01240932955288232,0.4589870923823455,0.012585539967868986,0.6765849619180291,0.001646102110252179,0.6434920854299682,0.009654384066829391,-0.0036828478186799346,0.22097086912079608,0.10898066015490658,0.3693415326494021,0.17025173278843855,0.4686526472921354,0.025779934730759544,0.16572815184059708,0.1363711539132783,0.1750786744862044,0.2014003428404625,0.20180578305592653,0.014099611616510077,0.005713157304667094,-0.003589019611079769,0.017688631227589846,1.0,0.012556790191033992,0.5231037489102005,1164.4470588235295,0.0,41.345098039215685,41.345098039215685,0.5764705882352941,0.5764705882352941
anon_061,-0.09202228521194977,0.31640301169294127,0.37365272466374505,0.11154588321209202,0.3120969738484421,0.13605819180390666,-0.028104091821048505,0.28497316381880367,0.3920143972546333,0.07521598378626893,0.36455262451533527,0.1112615515589267,0.39690619901473045,0.021061709432063758,0.5680688415085098,0.07883034538560263,0.5313561831787936,0.05856032477610895,0.4564425660640456,0.05040233730971977,0.5595033380964602,0.053325142569304984,0.5465335673885567,0.055653428217155354,0.1241598605451522,0.11140999600975723,0.28299816060665856,0.14849705778127276,0.34112551248625717,0.19118332259198542,0.11943229090229479,0.0764069702437909,0.2794465071694884,0.1082308621709561,0.33904148492770264,0.1488343220585966,0.0279365284693604,0.025253898295010957,0.022032763136662303,0.0059037653326980966,0.47843137254901963,0.013531118287809951,0.5226537216828478,1166.0,1.396078431372549,29.223529411764705,30.19672131147541,0.5573770491803278,0.26666666666666666
anon_033,0.0,0.0,0.0,0.0,0.0,0.0,0.0,0.0,0.0,0.0,0.0,0.0,0.0,0.0,0.0,0.0,0.0,0.0,0.0,0.0,0.0,0.0,0.0,0.0,-0.17920149579894404,0.2649219715476946,-0.10536551825492387,0.2942658435568538,-0.13818731335248532,0.3700282321269064,-0.07433563315992407,0.2477381659495298,0.04055019215184535,0.36800437793910334,0.0378635810176693,0.4502909304477953,0.0,0.0,0.0,0.0,0.8745098039215686,0.008352947616180415,0.20969855832241152,1166.017937219731,0.12549019607843137,33.83921568627451,33.30493273542601,0.6053811659192825,0.5294117647058824
anon_072,0.0,0.0,0.0,0.0,0.0,0.0,0.0,0.0,0.0,0.0,0.0,0.0,0.0,0.0,0.0,0.0,0.0,0.0,0.0,0.0,0.0,0.0,0.0,0.0,-0.5787403746600928,0.0659473276699093,-0.6754564188590271,0.01030983739682556,-0.8629839948435382,0.029178436566557164,-0.5674630370623078,0.07917354491180739,-0.6727792938557936,0.011439729661266718,-0.8634354371165881,0.02468903736763539,0.0,0.0,0.0,0.0,0.47843137254901963,0.012545842684328644,0.2530541012216405,1166.0,0.615686274509804,27.88235294117647,26.704918032786885,0.639344262295082,0.3058823529411765
anon_013,0.6502808764268356,0.0883603357149012,0.7423522960673399,0.027673262544817168,0.7144853634028695,0.026003441825320328,0.7292738980869424,0.04143135166128509,0.8246785070546098,0.03260635472900986,0.779792011767473,0.09601301344495139,0.13492663896089963,0.023162484550747237,0.18587688505615277,0.039653008730685835,0.1668558073959509,0.04139884627628948,0.11889129342673216,0.004412954491735149,0.15867390294763764,0.02727161941866163,0.14103832689583662,0.01806295998323798,0.24735240542652304,0.1704358373437112,-0.21889846664937906,0.2920972506241393,-0.3847943908035922,0.37551463594384454,0.2823589973900877,0.09540127394717457,-0.1674837677453198,0.2227743436751557,-0.3178379166840756,0.28593337882541214,0.061307212987292914,0.013137165073540694,-0.025533933631315175,0.08684114661860809,0.984313725490196,0.013213640593354864,0.4407622203811102,1170.1195219123506,0.027450980392156862,33.3921568627451,31.780876494023904,0.6414342629482072,0.6313725490196078
anon_025,-0.5234318522210328,0.027141673166318547,-0.018562758995069872,0.014634385930470728,-1.5830593725901865,0.18585254974175136,-0.9871283179709192,0.05311380828270673,-0.0027812898800511077,0.009056960784244561,-0.5030108986000322,0.26736347398009275,0.08498002930532605,0.011744205740434749,0.9840080197902417,0.004252455659635612,0.7009230143288274,0.036787017687785806,0.165202271496477,0.0011947935961064138,0.9911276667101176,0.009300802925652163,0.8657428197732451,0.027220847307969698,0.0,0.0,0.0,0.0,0.0,0.0,0.0,0.0,0.0,0.0,0.0,0.0,0.0,0.0,0.0,0.0,0.4980392156862745,0.01681537029941431,0.4583333333333333,1163.7952755905512,1.2549019607843137,31.811764705882354,37.37007874015748,0.6456692913385826,0.3215686274509804
anon_073,0.16120714465078656,0.005239919910687618,0.12369617466105631,0.0037401739025215708,0.15442505924186406,0.005094525638911329,0.16366394093275116,0.0004715129557339992,0.12466418438244453,0.0007211727438096727,0.15563230168044762,0.0003178350967303345,0.5256466017119735,0.004476405989569443,0.5663606247833799,0.003320681338229492,0.5352301778161791,0.004632976932349653,0.525408548322631,0.0004143735909264423,0.5655098930626563,0.0007183280796629887,0.5344327586824928,0.0003107760465400622,0.022634788108767488,0.012143869288269691,-0.012904839146415437,0.02621925365697703,0.0962401713177763,0.033976356986270745,0.023243179269953906,0.0049497774162474036,-0.012864699360481034,0.009007690817401553,0.09566456144308387,0.010272999322641016,0.006279532911279251,0.0060561068732796946,0.005891311942627486,0.0003882209686517646,0.8196078431372549,0.013476380754283212,0.39073923639317626,1187.9712918660287,0.40784313725490196,29.03921568627451,17.736842105263158,0.4258373205741627,0.34901960784313724
anon_079,0.0,0.0,0.0,0.0,0.0,0.0,0.0,0.0,0.0,0.0,0.0,0.0,0.0,0.0,0.0,0.0,0.0,0.0,0.0,0.0,0.0,0.0,0.0,0.0,0.21180972366447812,0.09046829346380683,0.15443905933417446,0.15087443264266903,0.19481965517393038,0.16239183574552862,0.2676893037197796,0.05984488707695024,0.25677108050346326,0.11050707037638943,0.3055934696105231,0.11973980906141429,0.0,0.0,0.0,0.0,0.48627450980392156,0.009392960753188462,0.26456876456876455,1182.3629032258063,1.0784313725490196,22.423529411764704,28.112903225806452,0.5161290322580645,0.25098039215686274
anon_016,0.15043597575711531,0.000925184477593266,0.10648962872104573,0.0005108837112528519,0.13622526336646812,0.0010894853041585328,0.15401541301178256,0.0016616815578498478,0.1069346045449216,0.0011620180253349988,0.13764229697917957,0.0013751171728123568,0.7579554944789717,0.0011249932619886716,0.8102673199133611,0.0007360935751457021,0.7798341620271592,0.0013150790399800716,0.7574244614942147,0.0019937881868631324,0.8091144959129268,0.0015826105820959668,0.7780253204475487,0.0017947314321883345,-0.1805270169154424,0.02721273352972109,-0.1334641214685889,0.04734836834525148,-0.12185774991658388,0.05256787256438747,-0.18483430828217887,0.00984354538297702,-0.1429697224890504,0.017723652964426073,-0.13183094732011516,0.02014264480254163,0.0005200436915845374,0.00046860156488111776,0.0004341576845292572,8.588600705528027e-05,0.7607843137254902,0.016169467403798786,0.42586323628977657,1204.2061855670104,0.5686274509803921,28.333333333333332,13.24742268041237,0.5515463917525774,0.4196078431372549
anon_046,0.0,0.0,0.0,0.0,0.0,0.0,0.0,0.0,0.0,0.0,0.0,0.0,0.0,0.0,0.0,0.0,0.0,0.0,0.0,0.0,0.0,0.0,0.0,0.0,-0.021926697873736033,0.10915154182750461,-0.3935486092318204,0.3179657861156942,-0.5185096942335828,0.37504018980098924,0.01859945891461836,0.04471633281588839,-0.2514007696642467,0.18744804978346935,-0.3568723343909968,0.18807630511360096,0.0,0.0,0.0,0.0,0.4666666666666667,0.010378236356669769,0.3227848101265823,1158.1176470588234,1.223529411764706,26.823529411764707,35.69747899159664,0.6470588235294118,0.30196078431372547
anon_054,-0.07207907801833457,0.07815481932232493,0.09918081268221651,0.01002410973403578,0.08978824519351347,0.005558736085027771,-0.06575042144833448,0.010272804712993078,0.082064461393284,0.0024373512769430006,0.07086497348574633,0.0031371202599191905,0.46681727092316716,0.01486551386031093,0.5462058913650213,0.0036542613109999955,0.5304791357596161,0.00021819125997590838,0.5051994817707472,0.008347015172578187,0.54437075252442,0.0005738839413753638,0.5386339952236741,0.0038985942682597807,-0.29400955943548046,0.026179629926842085,-0.4956894421514408,0.11275360890789116,-0.5680867044135157,0.1481546836032393,-0.28495576640630654,0.012414215908553072,-0.45011870402005694,0.06470912216187502,-0.5051760006109046,0.12921012488204547,0.013732271375858418,0.011735355692752747,0.009047205387228807,0.004685065988629611,0.8784313725490196,0.012294050030105643,0.45592163846838824,1182.267857142857,0.2235294117647059,32.14509803921569,30.736607142857142,0.5,0.4392156862745098
anon_004,0.7878811683046936,0.029583230613125955,0.7723558965938964,0.01323223385935901,0.7929654764781082,0.02579514412566064,0.772553483933133,0.0072673690079944064,0.7346658097356796,0.019325180502098638,0.7697123835392717,0.005768540816688095,0.08017812873998176,0.026808046554686618,0.11358892468734494,0.01312798701305852,0.08869130159503597,0.023310520663251122,0.09966567658386809,0.00011233449471659274,0.13965419502800602,0.010494051845540059,0.10252258769675793,0.0013232898193626802,-0.36175717493234333,0.08534919776128735,-0.181907506647404,0.01687544481678055,-0.13954931723483233,0.017293830384051828,-0.33282959654087846,0.10382901776236636,-0.1736267408199319,0.018752876681160963,-0.13118976360401716,0.017119644640982146,0.13787208293571812,0.0884613661579776,0.04116388130371351,0.09670820163200461,0.45098039215686275,0.013662488368274125,0.46794871794871795,1182.9565217391305,1.0784313725490196,21.811764705882354,13.460869565217392,0.5130434782608696,0.23137254901960785
anon_035,-0.7305069754665605,0.124438687918343,0.11681674266754039,0.0017682351521468576,0.10018884460729915,0.006465002178764223,-0.35893387263943133,0.07767559959660164,0.11361684784638093,0.009762889434093092,0.1118787596477554,0.011593572945441943,0.4968466426451824,0.03261463421445526,0.797438218209832,0.0029070524201952885,0.7490750600313172,0.004700116452200365,0.6241236814247002,0.019457305704086325,0.8018597791594706,0.00821883037847837,0.7670927228494969,0.012400941768355711,-0.22081133530478483,0.06692831331533572,-0.1635935883587296,0.05778112292572371,-0.07880730161369177,0.04358341924962605,-0.20861218275319313,0.03807294634586228,-0.15181334709911357,0.05147030462337207,-0.07139369629236654,0.04857825883420565,0.34776606031974966,0.31437457631239846,0.2911926321021204,0.056573428217629285,0.8,0.017154743007280093,0.47415443522654754,1196.2058823529412,0.39215686274509803,27.533333333333335,9.382352941176471,0.39705882352941174,0.3176470588235294
anon_041,0.25348525016337153,0.02547199129606309,0.2749623957819144,0.05027776103873699,0.2746879732551559,0.04966129503035954,0.27473248133058553,0.032338096885500045,0.2826423610171491,0.033809535967473825,0.2821706912199058,0.032898345539966845,0.38812915243738877,0.002467992413645148,0.4011844109123738,0.006516849754312104,0.39800624926704886,0.005660286872368414,0.39300521614483985,0.002641249417922875,0.40253609338704865,0.0031325977356869705,0.40009824702540564,0.0019953570859257974,0.13176288179899912,0.1286238207435025,0.15573149594797064,0.18362109926309805,0.17436791114517755,0.22574636765668077,0.14061066033337796,0.08729744604605687,0.1532825510242006,0.12961952249551006,0.16891357360927095,0.145745563075162,0.0030049511722014532,-0.002564537869694572,-0.005383011118351044,0.008387962290552498,0.47843137254901963,0.010378236356669769,0.39556962025316456,1181.672131147541,1.2470588235294118,19.294117647058822,17.950819672131146,0.5163934426229508,0.24705882352941178
anon_088,0.5520114224488228,0.04340043898801216,0.5520114224488228,0.04340043898801216,0.5520114224488228,0.04340043898801216,0.5187043009997572,0.04588847907749871,0.5187043009997572,0.04588847907749871,0.5187043009997572,0.04588847907749871,0.0,0.0,0.0,0.0,0.0,0.0,0.0,0.0,0.0,0.0,0.0,0.0,-0.602312650868331,0.19678974886486367,-0.6610699789446765,0.27869822958196466,-0.758019594879241,0.313051048507094,-0.6678258213671772,0.2460005450077017,-0.7526574631503259,0.3433166551019018,-0.8589791999438225,0.38451923969086066,0.04088325084494693,0.03718899381669166,0.031457539112987876,0.009425711731959052,0.8392156862745098,0.012491105150801905,0.2506573181419807,1202.271028037383,0.2901960784313726,30.521568627450982,23.44859813084112,0.5514018691588785,0.4627450980392157
anon_076,0.976673348693488,0.01713822974183421,0.976673348693488,0.01713822974183421,0.976673348693488,0.01713822974183421,0.9465303320158847,0.033603157332265376,0.9465303320158847,0.033603157332265376,0.9465303320158847,0.033603157332265376,0.0,0.0,0.0,0.0,0.0,0.0,0.0,0.0,0.0,0.0,0.0,0.0,0.1463636170210351,0.23489846894219776,0.24895981552109628,0.28999321391205746,0.27072687148584107,0.3482680500422821,-0.03611495296680002,0.2985064931285223,0.009765372881120652,0.4217876244759561,-0.018322103804191546,0.5147084950398719,-0.03144081556802236,-0.05069219846526677,-0.06981676374351697,0.03837594817549461,0.48627450980392156,0.010509606437133943,0.23333333333333334,1183.5806451612902,0.5254901960784314,20.235294117647058,22.06451612903226,0.6209677419354839,0.30196078431372547
anon_080,-0.016037377866507052,0.00019759233624716543,-5.675517062375679e-05,4.026035159987451e-05,-0.000998667228620742,0.00018901705633012078,-0.007553908391112696,0.0003036849114952389,-5.222628289036635e-05,4.912905562370895e-06,-0.00044555729325179705,5.00385509871748e-06,0.9847730051712185,0.0002766014264490302,0.9999557999229927,3.819939304616771e-05,0.9991379241309135,0.00019135170634343446,0.9921876397017996,0.0003103319862414189,0.9999455445850931,9.412071725778404e-06,0.9994802164252953,9.347060776931926e-06,0.00013496978190181023,0.004721865908380252,-0.0009574868488753586,0.01052926809306785,-0.0006593154014000183,0.01769967609915559,-0.0020203938121609436,0.003046164154614701,-0.0015506788395420357,0.00561128750725066,-0.0009434564945741932,0.0090683177657018,0.002760499374673153,0.002667210288344083,0.002514206868112545,0.0002462925065606081,0.7725490196078432,0.017811593409600965,0.46097111247695144,1203.8984771573605,0.6,27.72156862745098,12.065989847715736,0.5482233502538071,0.4235294117647059
anon_001,0.0,0.0,0.0,0.0,0.0,0.0,0.0,0.0,0.0,0.0,0.0,0.0,0.0,0.0,0.0,0.0,0.0,0.0,0.0,0.0,0.0,0.0,0.0,0.0,0.0,0.0,-0.2261335428165571,0.0,-0.5525099426574839,0.0,0.0,0.0,-0.2261335428165571,0.0,-0.5525099426574839,0.0,0.0,0.0,0.0,0.0,0.9686274509803922,0.009338223219661723,0.37749120750293086,1160.8663967611335,0.09411764705882353,35.20392156862745,34.35222672064777,0.611336032388664,0.592156862745098
anon_021,0.5664035705956385,0.009401197462052036,0.5664035705956385,0.009401197462052036,0.5664035705956385,0.009401197462052036,0.5566993714957837,0.00656106190571748,0.5566993714957837,0.00656106190571748,0.5566993714957837,0.00656106190571748,0.0,0.0,0.0,0.0,0.0,0.0,0.0,0.0,0.0,0.0,0.0,0.0,-0.09932412323285732,0.13631509291713917,0.11963463655048605,0.22582596910858982,0.21242789429300332,0.28197255034638335,-0.1378352792135946,0.09823693309421934,0.06367760668386901,0.14739800291646185,0.1516150843839337,0.17458293205086256,0.0,0.0,0.0,0.0,0.4392156862745098,0.013531118287809951,0.35436893203883496,1174.9285714285713,1.0392156862745099,30.894117647058824,20.785714285714285,0.5714285714285714,0.25098039215686274
anon_030,-1.1231054375513274,0.18362661088037258,0.005587681871905781,0.015569827026698735,-0.2231410043725821,0.04548486513211314,-0.8715262860734818,0.04336600254269796,0.005024067319925052,0.004454952724010197,-0.023854490714999566,0.04120498950337548,0.3840260268555279,0.023864807190040527,0.6573469079139993,0.021765142718882857,0.6149019570810336,0.014404876555559554,0.4873768771179551,0.0026271339043770214,0.676673555187841,0.010874849584007862,0.6567192226086553,0.018303810664591746,-0.032566729310210936,0.2773635074337937,-0.046435445131878916,0.39744397819175437,-0.09544054150241806,0.4834049389148764,0.047976437027370145,0.20124877634626864,0.08611380732823025,0.3314965037338443,0.07081637362048974,0.4161724764521267,-0.014438687484661594,-0.035172196074548245,-0.04771233171956235,0.03327364423490076,1.0,0.012556790191033992,0.4045335658238884,1162.5647058823529,0.0,43.227450980392156,43.227450980392156,0.6549019607843137,0.6549019607843137
anon_078,0.24726419753224194,0.06715655116430541,0.2508311199551596,0.06626824377501894,0.2497498776902301,0.06664622139430332,0.28316732306070047,0.05594494118644272,0.28030489815997783,0.05080118261818439,0.284647959664358,0.05292298086655811,0.33298144033493055,0.03717820007303696,0.3420338145538472,0.04268120536245751,0.33800489270259826,0.038751354907144486,0.31539610968107185,0.03932026256170151,0.325127087181749,0.03545472561609009,0.3201038292439109,0.0375587258603059,-0.36399133484229784,0.46693006075923726,-0.5969568101444248,0.7463289060042496,-0.6364205308022789,0.8521335949268407,-0.44140125673183633,0.32487461899386083,-0.7273916073743342,0.5182839625029512,-0.7870958827878359,0.5908662191237999,0.05344051362259983,0.04213031952312803,0.03508132788041873,0.018359185742181094,0.49019607843137253,0.009458645793420548,0.33564814814814814,1173.584,0.6470588235294118,27.223529411764705,29.664,0.648,0.3176470588235294
anon_039,0.0,0.0,0.0,0.0,0.0,0.0,0.0,0.0,0.0,0.0,0.0,0.0,0.0,0.0,0.0,0.0,0.0,0.0,0.0,0.0,0.0,0.0,0.0,0.0,-0.5233244698390995,0.4163161235177845,-0.3987390144652175,0.4016661484148648,-0.577356799293296,0.5037357970725362,-0.7085867797181343,0.3553208574388449,-0.5794566240430931,0.3519577870471296,-0.7951807344276681,0.4338889234714074,0.0,0.0,0.0,0.0,0.807843137254902,0.01032349882314303,0.3531283138918346,1163.5631067961165,0.4,31.533333333333335,30.519417475728154,0.5145631067961165,0.41568627450980394
anon_075,0.5980372986769966,0.007896407874633193,0.5980372986769966,0.007896407874633193,0.5980372986769966,0.007896407874633193,0.5966374822711968,0.005306687615953654,0.5966374822711968,0.005306687615953654,0.5966374822711968,0.005306687615953654,0.0,0.0,0.0,0.0,0.0,0.0,0.0,0.0,0.0,0.0,0.0,0.0,-0.39312803327361606,0.06254585398647516,-0.4260904600555833,0.05669093614964438,-0.4696838024137218,0.07474609728925324,-0.40317998356758666,0.020724431379994912,-0.4306108493055845,0.02347809607826057,-0.46477748470094343,0.028888691283080636,0.0,0.0,0.0,0.0,0.39215686274509803,0.016355575017789697,0.38755020080321284,1174.8,1.219607843137255,24.070588235294117,17.46,0.56,0.2196078431372549
anon_024,-0.9458516582574814,0.09354817066919996,0.1245525013377693,0.01241038928621685,-0.013702210352574296,0.05135988293197247,-0.6058898815239602,0.21886383147124444,0.11897671021710793,0.0024284412729876914,0.05698742601198037,0.004174050524255568,0.39824593720199236,0.027051727802812398,0.732943424598157,0.004493188237842616,0.6839945617341137,0.014858019076087858,0.5225612205394401,0.01637862046472338,0.727710348533531,0.008577665571075532,0.7022436005424413,0.008702660082379632,-0.21471268249415443,0.225585223445239,-0.14839224758088723,0.2970976390365606,-0.07135989998908589,0.3034470905565851,-0.2783805990323719,0.19045800403522212,-0.22170995380724504,0.23178290720897415,-0.1457476849197427,0.23349883754091194,-0.010608055331561284,-0.01439864587610129,-0.017757756222351095,0.007149700890789812,0.9215686274509803,0.013476380754283212,0.4646628757108042,1179.395744680851,0.2627450980392157,26.498039215686273,24.85531914893617,0.5319148936170213,0.49019607843137253
anon_044,0.0,0.0,0.0,0.0,0.0,0.0,0.0,0.0,0.0,0.0,0.0,0.0,0.0,0.0,0.0,0.0,0.0,0.0,0.0,0.0,0.0,0.0,0.0,0.0,0.0,0.0,-0.635007543229846,0.0,-1.0829510840851724,0.0,0.0,0.0,-0.635007543229846,0.0,-1.0829510840851724,0.0,0.0,0.0,0.0,0.0,0.9568627450980393,0.011374459466856423,0.424446583253128,1155.0737704918033,0.09019607843137255,39.32156862745098,36.46311475409836,0.639344262295082,0.611764705882353
anon_071,0.4228013378850912,0.06121680468008395,0.12455585475245795,0.003767589859933751,0.37829120828463547,0.025586344932771565,0.47246508464733084,0.006356075509889925,0.12804344062523393,0.007567992705150961,0.39597204315180723,0.0023332724081444045,0.32173111920901976,0.016561692568083097,0.7290050962722192,0.011146043337504019,0.44630065754144754,0.01224845077759601,0.3386189349207788,0.00697943208145313,0.7358534377277539,0.00418166164453504,0.45754876978183046,0.004019440655989304,-0.014196396969620067,0.019492470340319194,0.014210754564578045,0.008427343723405305,0.050350297810071686,0.016834918250842934,-0.019240342546714317,0.012359112669669384,0.014942923255265222,0.009249549386121774,0.048016323970418245,0.012695972142957361,0.1759495123828158,0.1740445719863585,0.17281855969373552,0.0031309526890802852,0.4196078431372549,0.017275165581038917,0.47465145754119137,1171.1028037383178,1.031372549019608,38.0,18.0,0.5887850467289719,0.24705882352941178
anon_031,-0.8781481398690059,0.09655930433782611,0.09456691180055554,0.017636676297618337,-0.9735529754754716,0.07915832573381087,-1.2357030618591116,0.08433461171576973,0.1176854472829485,0.017676144517101866,-0.5469935416382925,0.09437359788931832,0.1552361510489686,0.048677184876633,0.8166744823421611,0.02417166660368597,0.6083662530205571,0.0048692278851880655,0.27890426803512447,0.010477184501290815,0.8195493955419405,0.020473279875425465,0.6975718321237275,0.0036609963009031077,-0.018780909590868436,0.16901801562702704,-0.06621786359292263,0.2237265565895351,-0.06367478740627296,0.3194070885980286,-0.020408348784483932,0.13178071882973116,-0.07960741551715661,0.22205496676369027,-0.08977119603882365,0.26742261419414226,-0.04683826223838794,-0.051870243568048445,-0.057427735864055696,0.010589473625667756,1.0,0.014658711478460781,0.48693054518297235,1147.3176470588235,0.0,57.72156862745098,57.72156862745098,0.6941176470588235,0.6941176470588235
anon_017,0.586987746332933,0.12784660627437927,0.7767114290778909,0.1132240934302211,0.6176699543834807,0.300307020285531,0.7268964344530371,0.05431302492794832,0.8156303138124494,0.04324247373295831,0.7598693556678409,0.053143851728125746,0.1195362212202484,0.018200906295293487,0.20836548609893124,0.10201000803217877,0.17016122015932852,0.09067249054266087,0.11827883915314644,0.03222379313776663,0.17416711338145902,0.041486496206899204,0.14826382644175318,0.03681360169994713,0.4967994202502519,0.14091353846494353,-1.1497399057016606,0.5478872138255106,-1.7067977665950753,0.8047696812966978,0.5036947973334472,0.08753606298001337,-1.2192778183320347,0.218800609990355,-1.8045858532189296,0.33231627864186675,0.006767828369801002,-0.003334719030220519,-0.018925049951059703,0.025692878320860705,0.4823529411764706,0.014187968690130823,0.4722222222222222,1145.9349593495936,1.0431372549019609,42.07058823529412,44.048780487804876,0.6829268292682927,0.32941176470588235
anon_037,0.0,0.0,0.0,0.0,0.0,0.0,0.0,0.0,0.0,0.0,0.0,0.0,0.0,0.0,0.0,0.0,0.0,0.0,0.0,0.0,0.0,0.0,0.0,0.0,-0.12912658499073176,0.14772844310731625,-0.19842761255387512,0.1985416589198007,-0.4205144868744784,0.23179126757835877,-0.1435821633288918,0.16761144836416902,-0.2161454988126659,0.23195252715399295,-0.44227106378785136,0.2175951253724011,0.0,0.0,0.0,0.0,0.7803921568627451,0.012425420110569818,0.3964757709251101,1164.211055276382,0.5725490196078431,34.68627450980392,26.321608040201006,0.5527638190954773,0.43137254901960786
anon_009,-0.016211205111405724,0.00017770826443208598,-3.090046290066262e-05,3.1679361881753465e-05,-0.0010527670968734082,0.00011775796167690089,-0.007997599191803428,0.0004311433992454372,-6.69286131371738e-05,4.4947159559161065e-05,-0.0005355268109255018,0.00025399821544125345,0.9841843843379939,8.567325498143319e-05,0.9999460357090038,2.8655214934225626e-05,0.9990199172279399,0.00011588569613252275,0.9921094776352976,0.00045562389731879094,0.9999436751090058,4.254369147693726e-05,0.9994211051032162,0.00025682214525857283,-0.00084686279296875,0.0072021484375,-0.00014677501860119042,0.010332380022321428,0.0001017886779647342,0.009865119165570362,0.001628875732421875,0.005462646484375,-7.266090029761907e-05,0.004346575055803572,0.00017591478580022895,0.0049210634497444585,0.01698275714936992,0.016377864361172462,0.01587871799657059,0.0011040391527993298,0.3686274509803922,0.017866330943127704,0.4583333333333333,1171.7659574468084,1.4039215686274509,28.28235294117647,12.702127659574469,0.574468085106383,0.21176470588235294
anon_074,-0.15100574527868527,0.1542598269428106,0.3927545932347617,0.015915479045079506,0.3701000390666958,0.008200405335746619,0.07355192395091509,0.013110012126542281,0.37639400122405803,0.004653026975769747,0.3641642873123307,0.003087278631521584,0.4283446771479357,0.01809911439301226,0.5396995914493556,0.007639730694148694,0.5182439795028818,0.005348423340478359,0.4703464257622335,0.006822483741576402,0.5407142671788417,0.0056379686536591755,0.5307805997702322,0.009617999756844076,-0.037452878708040795,0.10556232034540156,-0.312114406894687,0.12533293776426324,-0.4194606076445202,0.13300330463501037,0.0027538656093734327,0.11818594371885145,-0.251428023107006,0.16891574476865695,-0.3540181198553865,0.18150201308702657,0.03278134365045127,0.02848919204788018,0.023620496296189453,0.009160847354261814,0.9176470588235294,0.012556790191033992,0.5640802092414996,1175.8461538461538,0.36470588235294116,32.52156862745098,27.5982905982906,0.5897435897435898,0.5411764705882353
anon_077,0.0,0.0,0.0,0.0,0.0,0.0,0.0,0.0,0.0,0.0,0.0,0.0,0.0,0.0,0.0,0.0,0.0,0.0,0.0,0.0,0.0,0.0,0.0,0.0,-0.0921898481777167,0.09927282010833516,-0.3905067170476149,0.19763632898082062,-0.46741961388881664,0.23070628525988457,-0.04556895318404302,0.08619305811239769,-0.32678418683019356,0.3109287898527955,-0.3933706834167266,0.3578288281832094,0.0,0.0,0.0,0.0,0.8313725490196079,0.009338223219661723,0.25908558030480655,1185.4245283018868,0.2980392156862745,26.027450980392157,17.037735849056602,0.5754716981132075,0.47843137254901963
anon_058,0.0,0.0,0.0,0.0,0.0,0.0,0.0,0.0,0.0,0.0,0.0,0.0,0.0,0.0,0.0,0.0,0.0,0.0,0.0,0.0,0.0,0.0,0.0,0.0,0.0,0.0,0.0,0.0,0.0,0.0,0.0,0.0,0.0,0.0,0.0,0.0,0.0,0.0,0.0,0.0,0.4980392156862745,0.008407685149707154,0.16666666666666666,1180.236220472441,0.6274509803921569,22.729411764705883,26.976377952755904,0.6456692913385826,0.3215686274509804
anon_010,0.5676814548966762,0.0012292479926973021,0.5298702686752217,0.007464849786969707,0.5599551068833267,0.0004462838281524828,0.5958892139900149,0.0051717614870454565,0.5554390055880728,0.0059355833326038,0.5865717808174993,0.005389848814257636,0.27834536227655404,0.009065474482976732,0.3213770895725664,0.01916368113335104,0.28929365697726506,0.010898623115974504,0.25464246540210744,0.0035915124752320393,0.29618096777867686,0.004864479368449082,0.2648874772612543,0.004293885871534842,0.20201723924453407,0.053363640175949245,0.36046585447305723,0.08846525408672479,0.4743278154781278,0.10534234685782795,0.19138382481090385,0.017763570207257273,0.34619204184187785,0.019321832680898432,0.46191904542751056,0.02912094255365444,0.039267193555076574,0.038748096443701176,0.03784495014361855,0.001422243411458024,0.7176470588235294,0.012294050030105643,0.3873552983081033,1188.0655737704917,0.8588235294117647,21.43921568627451,7.46448087431694,0.4426229508196721,0.3176470588235294
anon_053,-0.868638592145526,0.06498793715644591,0.01594397030939748,0.011639111508554012,-0.3414449532377683,0.2323695372255553,-0.6828137653838091,0.15171363631542578,0.011979694677292707,0.005864348032973754,-0.060844861870874456,0.019065766744835067,0.3432864480560318,0.015570929543499867,0.6011291837233105,0.02568841513403486,0.5412191774952231,0.021086841456872896,0.4299773737734662,0.031847298246793665,0.5815358292793662,0.03286670396318547,0.5563345198882816,0.03152577799982614,-0.5122690910009836,0.5078878824467052,-0.7239583540004159,0.5499820474468673,-0.8770458081264426,0.5965346280828092,-0.5887984792452697,0.16821614461609036,-0.8108086367271813,0.19954348815704825,-0.9720995871145216,0.20843234180215797,0.0006060640352765212,-0.006648964883957238,-0.01035314750306826,0.010959211538344782,0.8784313725490196,0.014395971317532431,0.45399239543726233,1167.7232142857142,0.1568627450980392,46.80392156862745,48.142857142857146,0.6428571428571429,0.5647058823529412
anon_032,-0.01623210853444397,0.0072231663253636,0.014303022160080558,0.009810654195005986,-0.005563140300309508,0.03138225204637843,-0.010622580720852703,0.0017100436039753086,0.000403440331590621,0.0019114824207887293,-0.007192079600259221,0.0031014983936512586,0.10062545035681722,0.03247883601965226,0.12259982566144,0.06197887141956257,0.11189604366792444,0.05266598636039084,0.06972155422662643,0.005465808553347815,0.0740092440113025,0.008306256742396989,0.07055242500919968,0.006480794725441885,-0.6794598946720365,0.08110373268090798,-1.3153629056916059,0.19361733140401927,-1.8088225576013695,0.26313194626350644,-0.7035364964940389,0.0582997207702558,-1.3719683714988158,0.14212497099914323,-1.8855396547721472,0.19581738903492485,0.000885692097657903,-0.0009549070986468294,-0.0038292982718643107,0.004714990369522214,0.4588235294117647,0.012348787563632382,0.4645390070921986,1161.3076923076924,0.611764705882353,31.67058823529412,27.384615384615383,0.6581196581196581,0.30196078431372547
anon_007,0.2779683835409796,0.07491458590631073,0.2964591324761563,0.04291041430504883,0.29780621675976615,0.047716775153784474,0.29048438699028817,0.007488003694890888,0.2999429723465098,0.006612015954453376,0.30001401413299644,0.012524025516297166,0.2882806170579224,0.0508663850604299,0.31354889792911844,0.03331507659030347,0.3063797524614963,0.03824176860928624,0.30063183716132735,0.007448336026851132,0.3141003020358717,0.00425087830863935,0.3064769166842144,0.009093760290079522,-0.8405565683143074,0.11814228475607169,-1.2000566800587196,0.061958557088326094,-1.4243096612339334,0.05138935352432905,-0.8409452136904333,0.0426374171580175,-1.2002929282016577,0.023617557021922142,-1.424861226881293,0.01731896275697231,0.056097085056393825,0.0542032489164618,0.05303116422009774,0.0030659208362960877,0.807843137254902,0.013213640593354864,0.4167357083678542,1175.3300970873786,0.34509803921568627,36.23921568627451,23.33495145631068,0.5825242718446602,0.47058823529411764
anon_014,-0.012751510517472439,0.0006510392231416848,-0.0003479999544222747,0.0006341158658261985,-0.004939010517494373,0.0006510392425154591,-0.008853592634270272,0.0019531213371432616,-0.000657755442590849,0.0013051258905126828,-0.001041092634248547,0.001953121366165544,0.0,0.0,0.0,0.0,0.0,0.0,0.0,0.0,0.0,0.0,0.0,0.0,0.0,0.0,0.0,0.0,0.0,0.0,0.0,0.0,0.0,0.0,0.0,0.0,0.0,0.0,0.0,0.0,0.7333333333333333,0.01676063276588757,0.4598301763553233,1215.24064171123,0.9215686274509803,31.933333333333334,13.866310160427808,0.47058823529411764,0.34509803921568627
anon_045,0.7758736206739012,0.07415741970067213,0.7775278934043612,0.07046303493321038,0.7771466441427061,0.07161723863677483,0.7893304769636187,0.033516050137011866,0.7891135730524401,0.03378750164810029,0.7890384908387253,0.03398030016159581,0.003264200233129219,0.006528400466258438,0.003739987254503293,0.007479974509006586,0.0032656855862288506,0.006531371172457701,0.0004403599197950958,0.0008807198395901916,0.0007233206634068585,0.001446641326813717,0.0006595186770619793,0.0013190373541239586,0.6648199594810152,0.2161208259677686,0.7439140937544707,0.22022306854582907,0.835066629057728,0.24065257736515344,0.6395476303204596,0.22260833651684997,0.7216872060628051,0.22261209955602235,0.8100263883001068,0.24325380418958487,0.13603634797181716,0.09386369817597051,0.07225557502389275,0.0637807729479244,0.7254901960784313,0.013476380754283212,0.5678310316815597,1188.745945945946,0.9490196078431372,27.227450980392156,9.821621621621622,0.4864864864864865,0.35294117647058826
anon_082,0.0,0.0,0.0,0.0,0.0,0.0,0.0,0.0,0.0,0.0,0.0,0.0,0.0,0.0,0.0,0.0,0.0,0.0,0.0,0.0,0.0,0.0,0.0,0.0,0.14416934555388985,0.12458954586281619,-0.4588464983730896,0.32389414026713614,-0.7183641236055215,0.40559389862282635,0.1746484816534376,0.08182435369409016,-0.3812085927283988,0.20975227943702474,-0.6216781387167688,0.2685012888370531,0.0,0.0,0.0,0.0,0.788235294117647,0.01032349882314303,0.31283138918345704,1131.910447761194,0.38823529411764707,34.52156862745098,32.0,0.4626865671641791,0.36470588235294116
anon_066,0.7717114347001723,0.07562694331782005,0.6855582550869543,0.030145482627477405,0.7445762496015473,0.048171330333505735,0.7896182833086685,0.015583593738706547,0.6962586843591871,0.010229436591284058,0.7547420471868321,0.0010647443174158777,0.12475634282505615,0.057324679542155255,0.22815507169615373,0.030506695450010224,0.16397668861138026,0.04444587002011133,0.10489463636370468,0.006175101961705065,0.20122756374608414,0.019339143068743597,0.1421931836442325,0.008081132586253148,-0.040638280111864496,0.12954860941489674,0.06840097311237418,0.12277432122841321,0.08020995384830693,0.20215149898831555,-0.015644686259922175,0.035584911247567574,0.09681037931827008,0.04790246974366337,0.12129555415945792,0.06631353307774915,0.21329568722987455,0.20909056967741213,0.20220453680416212,0.011091150425712432,0.4196078431372549,0.01563303957523674,0.4173669467787115,1160.6822429906542,1.580392156862745,29.858823529411765,9.25233644859813,0.4953271028037383,0.20784313725490197
anon_065,-0.7320086057075456,0.14980173600423985,0.19034822789253913,2.6082532422755378e-05,0.054272599787062115,0.06840976526271514,-0.3363910711511025,0.06483389117417071,0.1984000960686474,0.01913049490483587,0.15505045512933452,0.011771652763232221,0.3986681305886005,0.013523440739169168,0.6550575343922594,0.03629558565175994,0.5852090822295928,0.027223701344362028,0.49856535457358053,0.012644210143847923,0.6440855511061301,0.013058949606035486,0.5990030277418421,0.01488852433834087,-0.031709757810846416,0.14575162207471193,-0.3086283958916743,0.1254253250580869,-0.41962011059479415,0.14630248028445525,-0.060996175975205257,0.11336139551678323,-0.35039831996297316,0.1438992919230681,-0.47431198490230386,0.15368784917642125,-0.027401129871942653,-0.03192681647871939,-0.039041290636466,0.011640160764523344,0.7490196078431373,0.01557830204171,0.4061841180604357,1131.1413612565445,0.5176470588235295,41.86274509803921,31.18848167539267,0.49214659685863876,0.3686274509803922
anon_048,0.0,0.0,0.0,0.0,0.0,0.0,0.0,0.0,0.0,0.0,0.0,0.0,0.0,0.0,0.0,0.0,0.0,0.0,0.0,0.0,0.0,0.0,0.0,0.0,-0.13903470334556792,0.16988365147827184,-0.12532360506854387,0.2611540579789304,-0.1267366395289334,0.3102592756320682,-0.09726153568989516,0.2406325911323549,-0.06609480715132171,0.3470678875795331,-0.05399995599987192,0.3942191038771803,0.0,0.0,0.0,0.0,0.7490196078431373,0.008352947616180415,0.10484927916120576,1130.8272251308902,0.3137254901960784,42.14509803921569,44.717277486910994,0.5916230366492147,0.44313725490196076
anon_052,0.0,0.0,0.0,0.0,0.0,0.0,0.0,0.0,0.0,0.0,0.0,0.0,0.0,0.0,0.0,0.0,0.0,0.0,0.0,0.0,0.0,0.0,0.0,0.0,-0.023327520241196432,0.12375221117435944,-0.3692318284289943,0.19786144936915956,-0.48951904451696143,0.22146716801839816,0.024078253516475915,0.05527690174447332,-0.298172266808308,0.264609710848522,-0.4087180803570701,0.27439091468383925,0.0,0.0,0.0,0.0,0.47058823529411764,0.010378236356669769,0.21940928270042195,1147.7833333333333,0.5568627450980392,34.07058823529412,34.15,0.675,0.3176470588235294
anon_068,0.0,0.0,0.0,0.0,0.0,0.0,0.0,0.0,0.0,0.0,0.0,0.0,0.0,0.0,0.0,0.0,0.0,0.0,0.0,0.0,0.0,0.0,0.0,0.0,-0.6992117890934898,0.0200646073022126,-0.9746449762111885,0.03403555560843852,-1.237504664815179,0.03658680835449313,-0.696274769823037,0.01885499850266026,-0.9831467807603896,0.023044687681641363,-1.2460463430321744,0.022134974015098896,0.0,0.0,0.0,0.0,0.7058823529411765,0.011374459466856423,0.23387872954764197,1137.0,0.4549019607843137,35.83921568627451,27.738888888888887,0.5222222222222223,0.3686274509803922
anon_026,0.0,0.0,0.0,0.0,0.0,0.0,0.0,0.0,0.0,0.0,0.0,0.0,0.0,0.0,0.0,0.0,0.0,0.0,0.0,0.0,0.0,0.0,0.0,0.0,0.0,0.0,0.0,0.0,0.0,0.0,0.0,0.0,0.0,0.0,0.0,0.0,0.0,0.0,0.0,0.0,0.7333333333333333,0.020964475340741147,0.4595300261096606,1196.6310160427809,0.8549019607843137,33.93333333333333,7.502673796791444,0.42245989304812837,0.30980392156862746
anon_056,0.4405290690049204,0.037315463504985436,0.4405290690049204,0.037315463504985436,0.4405290690049204,0.037315463504985436,0.39904586916008666,0.080029600679625,0.39904586916008666,0.080029600679625,0.39904586916008666,0.080029600679625,0.0,0.0,0.0,0.0,0.0,0.0,0.0,0.0,0.0,0.0,0.0,0.0,-0.2266628097971771,0.16335324001449958,-0.3734289466319433,0.1218157545978083,-0.4854996799817875,0.1934808483865222,-0.2817502262361205,0.062350608786379824,-0.42857316904031345,0.12763500633929808,-0.544788209948465,0.2510414526773525,0.11635788344987216,0.10231158109920474,0.08736325410717459,0.028994629342697573,0.7764705882352941,0.016169467403798786,0.3865944482058226,1202.3939393939395,0.5450980392156862,31.95686274509804,15.292929292929292,0.5808080808080808,0.45098039215686275
anon_055,0.0,0.0,0.0,0.0,0.0,0.0,0.0,0.0,0.0,0.0,0.0,0.0,0.0,0.0,0.0,0.0,0.0,0.0,0.0,0.0,0.0,0.0,0.0,0.0,0.01562127918272046,0.07515513408447835,-1.3349768553336647,0.15732668443997722,-1.7247577119966107,0.20135889275455154,0.008465172908802167,0.015340334595955758,-1.2941469881150445,0.2762755767366538,-1.6875391451687276,0.3194790659795348,0.0,0.0,0.0,0.0,0.7098039215686275,0.01557830204171,0.3696416022487702,1116.6298342541436,0.6745098039215687,45.72156862745098,31.723756906077348,0.5193370165745856,0.3686274509803922
anon_083,-0.07770409815110957,0.0025217443750722435,-0.00012852878568603288,0.00018542254609821285,-0.003993380667224655,3.580955019555354e-05,-0.015418510761936455,0.00031378857414399164,-6.046787293800815e-05,7.833064159301628e-06,-0.0009049026837766316,8.019868473940761e-05,0.9366698623047351,0.0017010709444399419,0.9997408478782626,0.00018306129687462036,0.9961277940243743,7.391376343557354e-05,0.9848365441447642,0.0002463810104934572,0.9999444055217033,8.676699237653018e-06,0.9990185997272045,8.10302057242529e-05,0.0,0.0,0.0,0.0,0.0,0.0,0.0,0.0,0.0,0.0,0.0,0.0,0.0,0.0,0.0,0.0,0.39215686274509803,0.021019212874267886,0.4583333333333333,1161.82,1.4431372549019608,40.752941176470586,11.64,0.58,0.22745098039215686
anon_059,-0.023009032460690193,0.0006511379890228319,-5.9817289005725804e-05,7.592134668343853e-05,-0.00218579402598873,0.00047867262454670545,-0.013850281549625365,3.253224985722003e-05,-7.63785299347508e-05,6.8230685649206535e-06,-0.0016631270859721048,0.0003527318274568758,0.9770206230449525,0.0003058437866263475,0.9997357122838099,8.243771046823056e-05,0.9973900592919983,0.00041486241670440904,0.9863083435562067,0.0005364144495731971,0.9999215340208623,2.9253482241031747e-06,0.9985438418874181,0.00038492418299407305,0.0010714524224820622,0.01248366659682589,0.0026219527022404445,0.024604457082016806,0.004446179685336449,0.02743964279861925,-0.0023754681614718593,0.009960769904353593,-0.0012887040867866405,0.008053738990010556,0.0002680487699972995,0.010718544395715849,0.040880744587942774,0.04048326832471779,0.03977882226231644,0.0011019223256263366,0.7215686274509804,0.017811593409600965,0.46220036877688997,1119.554347826087,0.6274509803921569,55.956862745098036,39.380434782608695,0.5489130434782609,0.396078431372549
anon_069,0.3668191571629034,0.03367792489117527,0.3668191571629034,0.03367792489117527,0.3668191571629034,0.03367792489117527,0.34672781029194777,0.002323444854184953,0.34672781029194777,0.002323444854184953,0.34672781029194777,0.002323444854184953,0.0,0.0,0.0,0.0,0.0,0.0,0.0,0.0,0.0,0.0,0.0,0.0,0.11418089483484878,0.18286560840744404,0.1257346412664044,0.3622343257417669,0.17830089867072627,0.40736883062166984,0.10637622111713423,0.14455761898342456,0.13980757841742278,0.2753837076984341,0.20302161342272992,0.3309568102522073,-0.0007958162976459682,-0.0024093670090330386,-0.0043430364200060245,0.0035472201223600563,0.6549019607843137,0.012294050030105643,0.3018699910952805,1126.4191616766468,1.0705882352941176,37.3921568627451,26.760479041916167,0.4431137724550898,0.2901960784313726
anon_019,0.8174588901103728,0.01778405830363683,0.621645583864991,0.025718396606792093,0.783245097491801,0.020835860898568148,0.8546122035202182,0.005859253743572546,0.7018632923211066,0.023642490376820202,0.8233298286551062,0.014033615491371387,0.14700044716301147,0.0152278906260154,0.3500700235433618,0.025612734661401737,0.1872013206771475,0.020439378895741045,0.11188879485808365,0.005836410324873295,0.2701699108863088,0.02354766275612491,0.1453889656334898,0.013387166538797929,0.18540938853879543,0.00856710376074618,0.2478043979746151,0.005856555811514702,0.25280131886703233,0.010265055126837452,0.19228602432691264,0.0085892670530609,0.25103138016244675,0.004721065213231013,0.24953939487646423,0.017243834477594644,0.508670887320812,0.4843150015364657,0.45833056112687764,0.05034032619393436,0.615686274509804,0.014527341397996607,0.4762622456669179,1143.7452229299363,1.2392156862745098,32.85098039215686,11.261146496815286,0.33121019108280253,0.20392156862745098
anon_050,-0.0525802258109912,0.007807748563976258,0.00014111912879055666,9.993200447544481e-05,-0.0018035495525536849,0.0005208361220507829,-0.012808185194667976,1.4579443223139421e-05,-6.104345656421373e-05,1.4895545876525418e-05,-0.0009241509340982557,8.760893923587254e-05,0.9517740177399068,0.006524568744871617,0.9994454429787285,5.656833138023565e-06,0.9962461372296207,0.0006154741986039713,0.9868059646399896,5.539777188090511e-05,0.9998336716794973,1.050614340025735e-05,0.9988283401735853,9.410090061678922e-05,0.46131431932886624,0.00917619364789829,0.6262362791007422,0.01865784050141095,0.7856322111742058,0.024689760922880666,0.4703561861210446,0.01698648213651882,0.634637914891004,0.014923669345830226,0.7949055780693396,0.019731701360382714,0.00030381658995881633,6.85738524804913e-05,-5.083403292471811e-05,0.00035465062288353444,0.7215686274509804,0.016892002846351742,0.45690213869086194,1177.4021739130435,0.9333333333333333,42.26274509803922,14.478260869565217,0.5108695652173914,0.3686274509803922
anon_043,-0.0574265997996764,0.0164396528494114,-0.00017216664026564743,0.00038830278688051223,-0.002422152036112679,0.0013608451824135281,-0.010979411861550381,0.0020673901116621263,-0.00011383155919719723,2.3139803891014665e-05,-0.0009558006037335698,0.0001307545769968499,0.9449728386582195,0.010687484385538348,0.9994792499346847,0.0004474327892468599,0.9962487686071428,0.0013023462751630133,0.9892030244395498,0.0022585777570717225,0.999809922551395,1.51394599093857e-05,0.9991180648035726,0.00019725643202450627,0.2059586286644365,0.008482363888161981,0.3016431916975333,0.012163164166727636,0.4248269766317517,0.008921548935877432,0.20332178496339592,0.005033493771917363,0.29769604650650233,0.007398241257464189,0.4221030180867471,0.005162234268256571,-1.5417554427576974e-05,-1.8284947037261468e-05,-2.1817680064928346e-05,6.400125637351373e-06,0.7215686274509804,0.01400186107613991,0.5746677091477717,1191.6847826086957,1.4,30.16862745098039,9.179347826086957,0.44021739130434784,0.3176470588235294
anon_064,0.0,0.0,0.0,0.0,0.0,0.0,0.0,0.0,0.0,0.0,0.0,0.0,0.0,0.0,0.0,0.0,0.0,0.0,0.0,0.0,0.0,0.0,0.0,0.0,0.0,0.0,-0.30527724620460917,0.0,-0.5288149877716353,0.0,0.0,0.0,-0.30527724620460917,0.0,-0.5288149877716353,0.0,0.0,0.0,0.0,0.0,0.7019607843137254,0.009338223219661723,0.47010550996483,1139.8994413407822,0.4392156862745098,40.26274509803922,47.340782122905026,1.0,0.7019607843137254
anon_060,-0.35181049591939817,0.33290355502379954,0.07353813794887687,0.008212262496673617,0.0394299380720845,0.03461459845285497,-0.011022896642935265,0.03376327316726602,0.08422371436884962,0.0025907128346410735,0.07660332360071148,0.008317552422541286,0.44637470233996734,0.04007009143596951,0.5303672297949584,0.012288635686727223,0.5113961646617471,0.025904224726536473,0.48346512925059637,0.0006617019814955105,0.5244215257377335,0.006747891457341781,0.51803162670232,0.005280112790208125,0.005534812770873961,0.11111546319451807,-0.27169071801734207,0.12357837062089036,-0.41016619552698286,0.13271321711979106,-0.005758039459214401,0.10681646785579603,-0.28787727947448927,0.10637061194010702,-0.42774050550164217,0.11812274763887248,-0.021775920101068214,-0.03467183805255695,-0.04266337216494864,0.02088745206388043,0.6705882352941176,0.012294050030105643,0.5333926981300089,1123.017543859649,0.5098039215686274,45.227450980392156,51.36257309941521,1.0,0.6705882352941176
anon_047,0.0,0.0,0.0,0.0,0.0,0.0,0.0,0.0,0.0,0.0,0.0,0.0,0.0,0.0,0.0,0.0,0.0,0.0,0.0,0.0,0.0,0.0,0.0,0.0,-0.14526566157700108,0.2468119835797911,-0.22335256886372187,0.20224852793411874,-0.37981344191740574,0.244989915782351,-0.14453202403786833,0.29670954225602947,-0.2022715080558951,0.28692903785443596,-0.3527453108599787,0.3465705591779288,0.0,0.0,0.0,0.0,0.5686274509803921,0.01032349882314303,0.3117709437963945,1141.2413793103449,0.5803921568627451,44.07450980392157,48.57931034482758,1.0,0.5686274509803921
anon_049,-0.13849142320359042,0.011979529144328982,0.3100809563440409,0.021623929160402677,0.18755025171078055,0.20718843199254744,-0.02879994640002992,0.05596404260165477,0.3158234161247299,0.011504086829317584,0.2971159016111509,0.020073697447280936,0.41659114649615725,0.006565902549478586,0.5380110965162908,0.013567424588953103,0.511703682879652,0.0136535685193524,0.4659044010986171,0.03184757815750672,0.5507627485818554,0.006117432925765942,0.5277614683134503,0.020113557685382588,-0.3675690396793409,0.07028437854770969,-0.4915769799555356,0.06515931743884384,-0.5947570080955293,0.07212758122510443,-0.3501860697938595,0.039011714783991236,-0.4819532459313604,0.03369701866599739,-0.5909924373641254,0.045950863145780785,0.09267450729830906,0.08340398958299973,0.07654918813976008,0.01612531915854898,0.6588235294117647,0.015643987081942087,0.443666899930021,1145.9285714285713,0.6274509803921569,40.94509803921569,36.93452380952381,1.0,0.6588235294117647
anon_018,0.0,0.0,0.0,0.0,0.0,0.0,0.0,0.0,0.0,0.0,0.0,0.0,0.0,0.0,0.0,0.0,0.0,0.0,0.0,0.0,0.0,0.0,0.0,0.0,0.0,0.0,-0.8095340889624613,0.0,-1.167275021435966,0.0,0.0,0.0,-0.8095340889624613,0.0,-1.167275021435966,0.0,0.0,0.0,0.0,0.0,0.7254901960784313,0.010454868903607204,0.34345549738219894,1162.6378378378379,0.5607843137254902,40.52156862745098,46.075675675675676,1.0,0.7254901960784313
anon_034,-1.2204611041840068,0.0637924456247938,0.11982573902313182,0.02346772046118295,-0.6439643936227809,0.27332055534493715,-1.445084732358987,0.058806977722888565,0.12439351588242242,0.011984230152644715,-0.2485855408323175,0.10748330328579458,0.19978658043885855,0.004225406898224648,0.7780749540315013,0.0031553618139246176,0.6374387356809015,0.017175889392858967,0.3143824046181777,0.027330505453355802,0.7825812318910241,0.0132313387272609,0.6987349201904457,0.0011206574405777658,0.1273088839288563,0.20865372517896036,0.09439224077122432,0.22252548669021244,0.0871480353514444,0.2631015600120139,0.11268784145072919,0.1096472623136157,0.08152542219731293,0.1766220843297036,0.07709048290411245,0.22621341721723243,0.008213373878290242,0.0020904539053017146,-0.006629201877176638,0.01484257575546688,0.7490196078431373,0.014658711478460781,0.4839432412247946,1136.0732984293193,0.4549019607843137,55.792156862745095,68.89528795811518,1.0,0.7490196078431373
anon_020,0.0,0.0,0.0,0.0,0.0,0.0,0.0,0.0,0.0,0.0,0.0,0.0,0.0,0.0,0.0,0.0,0.0,0.0,0.0,0.0,0.0,0.0,0.0,0.0,-0.18364268703581996,0.1927012949165106,-0.4135640234126113,0.26631822073228567,-0.5350398567727229,0.30950135287437147,-0.15440808887540913,0.08893905919223567,-0.34485817505004057,0.21927398413586396,-0.45766451855413,0.24853896518699525,0.0,0.0,0.0,0.0,0.6,0.009403908259893809,0.16530849825378346,1145.921568627451,0.6352941176470588,46.498039215686276,49.81699346405229,1.0,0.6
anon_038,0.6599740080526594,0.11964690297702973,0.7794330803131633,0.08898285765633573,0.6635825867037346,0.18525155313858488,0.7205810304032397,0.04145743590698969,0.8289576664270235,0.01390940044501432,0.7500881077828007,0.1172047720871554,0.12174405873886535,0.006530079311905593,0.20294117105167658,0.07758286278677468,0.15902259282683526,0.04154818913431646,0.12199214403443615,0.010645948443357714,0.16739850954676555,0.012973261444929968,0.1448520898572191,0.01342832871211197,0.502816320214983,0.12209792174093176,-1.1547317213440857,0.5189956680794797,-1.715345645538737,0.7600097202118044,0.5166754204283697,0.06629019045400292,-1.2312917069373024,0.2232429919731327,-1.8269795388331442,0.32938749424009606,0.0423427399907049,0.0068156740746780214,-0.025533933631315175,0.06787667362202007,0.7333333333333333,0.014133231156604083,0.3996901626646011,1144.2994652406417,0.48627450980392156,47.93333333333333,53.98930481283423,1.0,0.7333333333333333
anon_012,0.15862173826928333,0.00276720249925011,0.12136125539241643,0.0025826980506323816,0.15121341685044898,0.0022533611104946782,0.16345703170957743,0.00048315734641068975,0.1237871741064302,0.00020954179612908685,0.15509541528064213,0.00036810431035283475,0.5291779476187934,0.0026671541284485345,0.5689093810847226,0.0028451213534662623,0.5386592588066457,0.0024144897800341125,0.5251885341940241,0.00018513249089491257,0.565838962727031,4.9484583787617886e-05,0.5344140109153626,0.0001070026176733796,0.12689997311293252,0.004460386974531411,-0.1297070793858572,0.016205282677390784,-0.35167002811760156,0.0339058423886916,0.1271414580703062,0.002591026736359192,-0.13752516926899053,0.008677975044981079,-0.36424300836259427,0.017829237064996284,0.0003725252515864863,0.0003126426211314722,0.00027053711427438287,0.00010198813731210343,0.49411764705882355,0.016300837484262958,0.4425789120214909,1144.2857142857142,1.007843137254902,36.38039215686275,24.626984126984127,1.0,0.49411764705882355
anon_002,-0.07978317577207505,0.000337264818319305,-0.00013359349588060176,0.0002017316361966337,-0.003723575643838073,5.616481707360066e-05,-0.01535154828187979,0.00021994014983706123,-6.602031761171467e-05,8.570443043254272e-06,-0.0009462815945890934,2.6530543982161703e-05,0.9362157364658503,0.0004465450824187034,0.9997935586389026,0.0002114100301745525,0.9963006994336168,8.33265334476696e-06,0.9849646089805829,0.00018359372832810195,0.999941486718658,6.383659483577553e-06,0.9990457825059921,2.7375208941915474e-05,0.0,0.0,0.0,0.0,0.0,0.0,0.0,0.0,0.0,0.0,0.0,0.0,0.0,0.0,0.0,0.0,0.4627450980392157,0.020964475340741147,0.4595300261096606,1183.8813559322034,0.9490196078431372,35.58039215686274,18.52542372881356,1.0,0.4627450980392157
anon_027,-0.35061534497573454,0.003289322935877248,0.12549305710666891,0.015574755348513047,0.09797139963714929,0.001930517824080269,-0.0886133764867344,0.12015504051106163,0.10924289800616754,0.014650636808000272,0.09828562564601456,0.030723143421359844,0.42552274314663907,0.008986372764689443,0.5142718155158761,0.001813346764565904,0.4952730202966389,0.006559658817262226,0.4693100630043905,0.02195411942846709,0.5120904512328237,0.008891515174952791,0.502503892382096,0.01701738710435069,-0.15850650273757405,0.06358873597010892,-0.5548398952030479,0.09209633866948475,-0.7615781598732595,0.1015238939643216,-0.1619447857828744,0.11696906430095488,-0.5583027898739719,0.1263002075189646,-0.7660297636527456,0.1324584734795171,0.009105336648787099,0.005677430742057843,0.001008769560543854,0.008096567088243245,0.596078431372549,0.013410695714051124,0.39346938775510204,1170.3552631578948,0.9215686274509803,45.627450980392155,49.5921052631579,1.0,0.596078431372549
anon_042,-0.8764843058876404,0.0041207747846058185,-0.012127272602154238,0.004103409170019501,-0.473497711135996,0.024222835031760037,-1.2383160627361114,0.05747181472844787,-0.004762237065989328,0.0021383688480327567,-0.1697959166120383,0.08074237440921661,0.20954163135012283,0.0045196779079377525,0.9911226726730782,0.0024524461659133356,0.870169129468394,0.003183059948156597,0.36411124460286026,0.02956746046932629,0.9939819924065627,0.0007391524252866599,0.9285662453010576,0.005364393553947799,-0.0017903645833333333,0.1455078125,-0.005905877976190476,0.12723214285714285,0.006514475389742993,0.08939393052466148,-0.01318359375,0.10498046875,-0.02839006696428571,0.1675502232142857,-0.01898394769458046,0.16444068701450076,0.3095431094589305,0.264798626595431,0.23493125002208973,0.07461185943684076,0.5529411764705883,0.017811593409600965,0.4597418561770129,1173.1063829787233,0.8901960784313725,40.66274509803922,31.609929078014183,1.0,0.5529411764705883
anon_011,0.5520114224488228,0.04340043898801216,0.5520114224488228,0.04340043898801216,0.5520114224488228,0.04340043898801216,0.5187043009997572,0.04588847907749871,0.5187043009997572,0.04588847907749871,0.5187043009997572,0.04588847907749871,0.0,0.0,0.0,0.0,0.0,0.0,0.0,0.0,0.0,0.0,0.0,0.0,-0.3865885666558138,0.11144067756600912,-0.6654308212803088,0.20764218021031444,-0.9331576330173407,0.2755440405703494,-0.4182665057813668,0.12008744853028058,-0.7439223629687142,0.23134675377131064,-1.0397804531239567,0.3063777002023106,0.03917194223663689,0.03613988626990424,0.03235298863964353,0.00681895359699336,0.5725490196078431,0.012294050030105643,0.21371326803205698,1191.4520547945206,0.9254901960784314,44.30980392156863,42.363013698630134,1.0,0.5725490196078431
anon_022,0.0,0.0,0.0,0.0,0.0,0.0,0.0,0.0,0.0,0.0,0.0,0.0,0.0,0.0,0.0,0.0,0.0,0.0,0.0,0.0,0.0,0.0,0.0,0.0,0.0,0.0,-0.5362312249384886,0.0,-1.125607265156569,0.0,0.0,0.0,-0.5362312249384886,0.0,-1.125607265156569,0.0,0.0,0.0,0.0,0.0,0.6431372549019608,0.012031309869177295,0.4103730664240218,1118.8902439024391,0.6509803921568628,51.15686274509804,49.25609756097561,1.0,0.6431372549019608
anon_084,-1.2237063207433017,0.2566970692342512,-0.007516604496517698,0.003988251688176403,-0.15282662627774257,0.0098375336965848,-0.7446279384774421,0.00046330834784591435,-0.0008809327139378542,0.001380572930349766,-0.04014967393073471,0.026909709080012,0.35226832033933675,0.008528429317447739,0.6570032920553159,0.019466640537817326,0.619634834992344,0.009206078625469849,0.48655061567340174,0.010866553670146495,0.6611783907468338,0.0112182525120893,0.6391297732469878,0.008562582308301647,-0.14936909251663785,0.07833777637564475,-0.30971300187382816,0.13435140446974517,-0.43477101206745433,0.17532326496756862,-0.14187386120944778,0.054392879877901326,-0.2984570827583614,0.101795212565186,-0.4218726249856472,0.11657397780549505,-0.02303142976811401,-0.03244332191703029,-0.05102448139932925,0.027993051631215238,0.6705882352941176,0.014527341397996607,0.41823662396382816,1123.017543859649,0.5333333333333333,58.1921568627451,57.111111111111114,1.0,0.6705882352941176
anon_086,0.0,0.0,0.0,0.0,0.0,0.0,0.0,0.0,0.0,0.0,0.0,0.0,0.0,0.0,0.0,0.0,0.0,0.0,0.0,0.0,0.0,0.0,0.0,0.0,-0.37302855345911573,0.12489567565315096,-0.6292549656562244,0.2338259258758839,-0.9722416199998802,0.3249159731717176,-0.4548710889521211,0.10664199105826999,-0.7468494638163073,0.18832280366445497,-1.1243311803979406,0.25535241183565405,0.0,0.0,0.0,0.0,0.5254901960784314,0.01557830204171,0.3780744905130007,1126.1641791044776,0.8156862745098039,47.86274509803921,44.73880597014925,1.0,0.5254901960784314
anon_003,0.0,0.0,0.0,0.0,0.0,0.0,0.0,0.0,0.0,0.0,0.0,0.0,0.0,0.0,0.0,0.0,0.0,0.0,0.0,0.0,0.0,0.0,0.0,0.0,0.0,0.0,-1.4472283921397542,0.0,-1.9506636930893724,0.0,0.0,0.0,-1.4472283921397542,0.0,-1.9506636930893724,0.0,0.0,0.0,0.0,0.0,0.7098039215686275,0.013476380754283212,0.3460601137286759,1131.414364640884,0.6549019607843137,63.32156862745098,68.60220994475138,1.0,0.7098039215686275
anon_062,-0.2975591708901574,0.010673659325475038,-0.03474517941823663,0.002092137552362816,-2.256765863873607,0.03429128034704476,-0.598059586229834,0.0008169666477899629,-0.010019055890678308,0.01000592145904955,-1.7046973721139174,0.2614793284331969,0.032552083333333336,0.013020833333333332,0.9697121344125474,0.005404800546986888,0.5131403921833642,0.015398568500967769,0.09555627442110504,0.01854832356489132,0.984719156689704,0.008199984998801924,0.7028973306462027,0.040526779907325006,0.0,0.0,0.0,0.0,0.0,0.0,0.0,0.0,0.0,0.0,0.0,0.0,0.0,0.0,0.0,0.0,0.7490196078431373,0.01676063276588757,0.4598301763553233,1104.9424083769634,0.5803921568627451,83.32156862745099,99.02094240837697,1.0,0.7490196078431373
anon_040,0.0,0.0,0.0,0.0,0.0,0.0,0.0,0.0,0.0,0.0,0.0,0.0,0.0,0.0,0.0,0.0,0.0,0.0,0.0,0.0,0.0,0.0,0.0,0.0,0.2099370323788743,0.1349136530232462,0.2607368833115958,0.1971916790460756,0.32677200491151454,0.22977943209725848,0.15618858055296944,0.17435211141831303,0.18199031687510328,0.20894366751285226,0.2331964015485142,0.24032079953538693,0.0,0.0,0.0,0.0,0.596078431372549,0.012425420110569818,0.28986784140969163,1130.092105263158,0.7803921568627451,53.83921568627451,58.776315789473685,1.0,0.596078431372549
anon_028,0.0,0.0,0.0,0.0,0.0,0.0,0.0,0.0,0.0,0.0,0.0,0.0,0.0,0.0,0.0,0.0,0.0,0.0,0.0,0.0,0.0,0.0,0.0,0.0,-0.023327520241196432,0.12375221117435944,-0.3692318284289944,0.1978614493691595,-0.4895190445169615,0.22146716801839844,0.024078253516475922,0.05527690174447332,-0.29817226680830794,0.2646097108485219,-0.4087180803570701,0.27439091468383925,0.0,0.0,0.0,0.0,0.5254901960784314,0.01032349882314303,0.3244962884411453,1144.2089552238806,0.7450980392156863,39.29803921568627,28.52238805970149,1.0,0.5254901960784314
anon_029,0.10388941800599658,0.13691738825527927,0.11187331351063988,0.11746834055751612,0.09415358954396605,0.16973148705783286,0.36350092123287703,0.20039764723119785,0.3234089339124482,0.1317807018387127,0.3788722009767985,0.2045943078700651,0.09415939694479453,0.08587083613686813,0.15239858285740226,0.08640430550990888,0.11627866883371005,0.08447143204761166,0.09630083513887723,0.05395728774187275,0.1348448366005332,0.08676558583820855,0.11075239255384134,0.07520660791340777,-1.523071835675042,0.3607996838555987,-1.7218077737413129,0.40502819734011797,-2.123935549402504,0.4968345072005318,-1.5612051855186888,0.32783116721141026,-1.7652983559309028,0.374876994730744,-2.1756939975136667,0.46076310377998775,-0.01131924585018438,-0.02975777735307709,-0.05264223823974043,0.04132299238955605,0.6274509803921569,0.014658711478460781,0.40179238237490666,1146.825,0.611764705882353,65.46274509803922,78.975,1.0,0.6274509803921569
anon_087,0.0,0.0,0.0,0.0,0.0,0.0,0.0,0.0,0.0,0.0,0.0,0.0,0.0,0.0,0.0,0.0,0.0,0.0,0.0,0.0,0.0,0.0,0.0,0.0,0.29261952317920176,0.11708338407229985,0.175785431477909,0.2601370720131001,0.154151575131404,0.34239996575193765,0.31295287079495515,0.05611886484085332,0.19820441127629695,0.17232733397118188,0.16956368559916432,0.23329107217965145,0.0,0.0,0.0,0.0,0.5607843137254902,0.008352947616180415,0.14678899082568808,1100.4335664335665,0.48627450980392156,45.88627450980392,64.03496503496504,1.0,0.5607843137254902
anon_057,0.0,0.0,0.0,0.0,0.0,0.0,0.0,0.0,0.0,0.0,0.0,0.0,0.0,0.0,0.0,0.0,0.0,0.0,0.0,0.0,0.0,0.0,0.0,0.0,0.0,0.0,0.0,0.0,0.0,0.0,0.0,0.0,0.0,0.0,0.0,0.0,0.0,0.0,0.0,0.0,0.4980392156862745,0.008352947616180415,0.0,1082.5511811023623,0.611764705882353,56.333333333333336,78.02362204724409,1.0,0.4980392156862745
anon_008,0.0,0.0,0.0,0.0,0.0,0.0,0.0,0.0,0.0,0.0,0.0,0.0,0.0,0.0,0.0,0.0,0.0,0.0,0.0,0.0,0.0,0.0,0.0,0.0,-0.021926697873736037,0.1091515418275046,-0.3935486092318205,0.31796578611569437,-0.5185096942335828,0.37504018980098924,0.01859945891461836,0.044716332815888396,-0.2514007696642466,0.18744804978346943,-0.3568723343909968,0.18807630511360127,0.0,0.0,0.0,0.0,0.5372549019607843,0.01032349882314303,0.2205726405090138,1079.1678832116788,0.5490196078431373,52.70980392156863,67.17518248175182,1.0,0.5372549019607843
