rule,first_floor_faithful_exists,first_floor_original_G_exists,first_floor_centered_G_exists,selected_mask,selected_shift,selected_Q,selected_order,selected_3d_native,selected_3d_source_recovery,selected_3d_parent_recovery,selected_3d_G_eligible,selected_3d_G_mode,selected_3d_G_pass,best_known_3d_G_mode,historical_4d_faithful,historical_4d_G
0,1,1,1,birth,1,pair:-1:2,PDMQ,1,1,1,1,original,1,original,1,1
1,1,1,1,death,1,pair:-1:2,PDMQ,1,1,1,1,original,1,original,not_tested,not_tested
2,1,1,1,birth,1,pair:-1:2,PDMQ,1,1,1,1,original,1,original,1,1
3,1,1,1,death,-1,pair:-1:2,PDMQ,1,1,1,1,original,1,original,1,1
4,1,1,1,stay_one,1,pair:-1:2,PDMQ,1,1,1,1,original,1,original,not_tested,not_tested
5,1,0,1,birth,1,directed:-1:2:not-left-and-right,PDMQ,1,1,1,1,centered,1,centered,not_tested,not_tested
6,1,1,1,stay_one,1,pair:-1:2,PDMQ,1,1,1,1,original,0,none,not_tested,not_tested
7,1,0,1,birth,1,directed:-1:2:not-left-and-right,PDMQ,1,1,1,1,centered,1,centered,not_tested,not_tested
8,1,1,1,birth,1,pair:-1:2,PDMQ,1,1,1,1,original,1,original,1,1
9,1,1,1,death,1,pair:-1:2,PDMQ,1,1,1,1,original,1,original,not_tested,not_tested
10,1,1,1,birth,1,pair:-1:2,PDMQ,1,1,1,1,original,1,original,1,1
11,1,1,1,death,1,pair:-1:2,PDMQ,1,1,1,1,original,1,original,1,1
12,1,1,1,stay_one,1,pair:-1:2,PDMQ,1,1,1,1,original,1,original,1,1
13,1,0,1,death,1,directed:-1:2:not-left-and-right,PDMQ,1,1,1,1,centered,1,centered,not_tested,not_tested
14,1,1,1,stay_one,1,pair:-1:2,PDMQ,1,1,1,1,original,0,original,1,0
15,1,0,1,birth,1,directed:-1:2:not-left-and-right,PDMQ,1,1,1,1,centered,1,centered,not_tested,not_tested
16,1,1,1,birth,-1,pair:-2:1,PDMQ,1,1,1,1,original,1,original,1,1
17,1,1,1,death,1,pair:-2:1,PDMQ,1,1,1,1,original,1,original,1,1
18,1,1,1,death,1,pair:-1:2,PDMQ,1,1,1,1,original,1,original,1,1
19,1,0,1,birth,1,directed:-1:2:not-left-and-right,PDMQ,1,1,1,1,centered,1,centered,not_tested,not_tested
20,1,1,1,stay_one,-1,pair:-2:1,PDMQ,1,1,1,1,original,0,none,not_tested,not_tested
21,1,0,1,birth,-1,directed:-2:1:left-and-not-right,PDMQ,1,1,1,1,centered,1,centered,not_tested,not_tested
22,1,1,1,birth,1,directed:-1:2:not-left-and-right,PDMQ,1,1,1,1,original,1,original,not_tested,not_tested
23,1,0,1,birth,1,directed:-1:2:not-left-and-right,PDMQ,1,1,1,1,centered,1,centered,not_tested,not_tested
24,1,1,1,birth,1,pair:-1:2,PDMQ,1,1,1,1,original,1,original,1,1
25,1,1,1,death,1,pair:-1:2,PDMQ,1,1,1,1,original,1,original,1,1
26,1,1,1,birth,1,pair:-1:2,PDMQ,1,1,1,1,original,1,original,1,1
27,1,1,1,death,1,pair:-1:2,PDMQ,1,1,1,1,original,1,original,1,1
28,1,1,1,stay_one,1,pair:-1:2,PDMQ,1,1,1,1,original,1,original,not_tested,not_tested
29,1,0,1,birth,1,directed:-1:2:not-left-and-right,PDMQ,1,1,1,1,centered,1,centered,not_tested,not_tested
30,1,0,0,stay_one,1,pair:-1:2,PDMQ,1,1,1,0,none,0,none,not_tested,not_tested
31,1,0,1,birth,1,directed:-1:2:not-left-and-right,PDMQ,1,1,1,1,centered,1,centered,not_tested,not_tested
32,1,1,1,birth,1,pair:-1:2,PDMQ,1,1,1,1,original,1,original,1,1
33,1,0,1,birth,1,directed:-1:2:not-left-and-right,PDMQ,1,1,1,1,centered,1,centered,not_tested,not_tested
34,1,1,1,birth,1,pair:-1:2,PDMQ,1,1,1,1,original,1,original,1,1
35,1,0,0,death,1,pair:-1:2,PDMQ,1,1,1,0,none,0,none,not_tested,not_tested
36,1,1,1,birth,1,pair:-1:2,PDMQ,1,1,1,1,original,1,original,1,1
37,1,0,1,death,1,pair:-1:2,PDMQ,1,1,1,1,centered,1,centered,not_tested,not_tested
38,1,1,1,birth,1,pair:-1:2,PDMQ,1,1,1,1,original,1,original,1,1
39,1,1,1,death,-1,pair:-1:2,PDMQ,1,1,1,1,original,1,original,1,1
40,1,1,1,birth,1,pair:-1:2,PDMQ,1,1,1,1,original,1,original,1,1
41,1,0,1,death,1,directed:-1:2:not-left-and-right,PDMQ,1,1,1,1,centered,1,centered,not_tested,not_tested
42,1,1,1,birth,1,pair:-1:2,PDMQ,1,1,1,1,original,1,original,1,1
43,1,0,0,death,1,pair:-1:2,PDMQ,1,1,1,0,none,0,none,not_tested,not_tested
44,1,1,1,death,1,pair:-1:2,PDMQ,1,1,1,1,original,1,original,1,1
45,1,0,1,death,1,pair:-1:2,PDMQ,1,1,1,1,centered,1,centered,not_tested,not_tested
46,1,1,1,birth,1,pair:-1:2,PDMQ,1,1,1,1,original,1,original,1,1
47,1,1,1,death,1,pair:-1:2,PDMQ,1,1,1,1,original,1,original,1,1
48,1,1,1,birth,-1,pair:-2:1,PDMQ,1,1,1,1,original,1,original,1,1
49,1,0,0,death,-1,pair:-2:1,PDMQ,1,1,1,0,none,0,none,not_tested,not_tested
50,1,1,1,birth,1,pair:-1:2,PDMQ,1,1,1,1,original,1,original,1,1
51,1,0,1,birth,1,directed:-1:2:not-left-and-right,PDMQ,1,1,1,1,centered,1,centered,not_tested,not_tested
52,1,1,1,birth,-1,pair:-2:1,PDMQ,1,1,1,1,original,1,original,1,1
53,1,1,1,death,1,pair:-2:1,PDMQ,1,1,1,1,original,1,original,1,1
54,1,1,1,birth,1,pair:-1:2,PDMQ,1,1,1,1,original,1,original,1,1
55,1,0,1,death,1,directed:-1:2:not-left-and-right,PDMQ,1,1,1,1,centered,1,centered,not_tested,not_tested
56,1,1,1,death,1,pair:-1:2,PDMQ,1,1,1,1,original,1,original,1,1
57,1,0,1,birth,1,directed:-1:2:not-left-and-right,PDMQ,1,1,1,1,centered,1,centered,1,1
58,1,1,1,death,1,pair:-1:2,PDMQ,1,1,1,1,original,1,original,1,1
59,1,0,0,death,1,pair:-1:2,PDMQ,1,1,1,0,none,0,none,not_tested,not_tested
60,1,1,1,death,1,pair:-1:2,PDMQ,1,1,1,1,original,1,original,1,1
61,1,1,1,death,1,pair:-1:2,PDMQ,1,1,1,1,original,1,original,1,1
62,1,1,1,death,1,pair:-1:2,PDMQ,1,1,1,1,original,1,original,1,1
63,1,1,1,death,1,pair:-1:2,PDMQ,1,1,1,1,original,1,original,1,1
64,1,1,1,birth,-1,pair:-2:1,PDMQ,1,1,1,1,original,1,original,1,1
65,1,1,1,death,-1,pair:-2:1,PDMQ,1,1,1,1,original,1,original,not_tested,not_tested
66,1,1,1,birth,-1,pair:-2:1,PDMQ,1,1,1,1,original,1,original,1,1
67,1,1,1,death,-1,pair:-2:1,PDMQ,1,1,1,1,original,1,original,1,1
68,1,1,1,stay_one,-1,pair:-2:1,PDMQ,1,1,1,1,original,1,original,1,1
69,1,0,1,death,-1,directed:-2:1:left-and-not-right,PDMQ,1,1,1,1,centered,1,centered,not_tested,not_tested
70,1,1,1,stay_one,-1,pair:-2:1,PDMQ,1,1,1,1,original,1,original,not_tested,not_tested
71,1,0,1,birth,-1,directed:-2:1:left-and-not-right,PDMQ,1,1,1,1,centered,1,centered,not_tested,not_tested
72,1,1,1,birth,1,pair:-1:2,PDMQ,1,1,1,1,original,1,original,not_tested,not_tested
73,1,0,1,death,1,pair:-1:2,PDMQ,1,1,1,1,centered,1,centered,not_tested,not_tested
74,1,1,1,birth,1,pair:-1:2,PDMQ,1,1,1,1,original,0,none,not_tested,not_tested
75,1,0,1,death,-1,pair:-1:2,PDMQ,1,1,1,1,centered,1,centered,1,1
76,1,1,1,stay_one,1,pair:-1:2,PDMQ,1,1,1,1,original,1,original,1,1
77,1,0,1,stay_one,1,pair:-1:2,PDQM,1,1,1,1,centered,1,centered,not_tested,not_tested
78,1,1,1,stay_one,1,pair:-1:2,PDMQ,1,1,1,1,original,0,none,not_tested,not_tested
79,1,0,1,birth,1,directed:-1:2:not-left-and-right,PDMQ,1,1,1,1,centered,1,centered,not_tested,not_tested
80,1,1,1,birth,-1,pair:-2:1,PDMQ,1,1,1,1,original,1,original,1,1
81,1,1,1,death,-1,pair:-2:1,PDMQ,1,1,1,1,original,1,original,1,1
82,1,1,1,birth,-1,pair:-2:1,PDMQ,1,1,1,1,original,1,original,1,1
83,1,1,1,death,-1,pair:-2:1,PDMQ,1,1,1,1,original,1,original,1,1
84,1,1,1,stay_one,-1,pair:-2:1,PDMQ,1,1,1,1,original,0,original,1,0
85,1,0,1,birth,-1,directed:-2:1:left-and-not-right,PDMQ,1,1,1,1,centered,1,centered,not_tested,not_tested
86,1,0,0,stay_one,-1,pair:-2:1,PDMQ,1,1,1,0,none,0,none,not_tested,not_tested
87,1,0,1,birth,-1,directed:-2:1:left-and-not-right,PDMQ,1,1,1,1,centered,1,centered,not_tested,not_tested
88,1,1,1,birth,-1,pair:-2:1,PDMQ,1,1,1,1,original,0,none,not_tested,not_tested
89,1,0,1,death,1,pair:-2:1,PDMQ,1,1,1,1,centered,1,centered,1,1
90,1,1,1,birth,1,pair:-1:2,PDMQ,1,1,1,1,original,1,original,1,1
91,1,0,1,death,1,pair:-1:2,PDMQ,1,1,1,1,centered,1,centered,1,1
92,1,1,1,stay_one,-1,pair:-2:1,PDMQ,1,1,1,1,original,0,none,not_tested,not_tested
93,1,0,1,birth,-1,directed:-2:1:left-and-not-right,PDMQ,1,1,1,1,centered,1,centered,not_tested,not_tested
94,1,1,1,stay_one,-1,pair:-1:2,PDMQ,1,1,1,1,original,1,original,not_tested,not_tested
95,1,0,1,birth,1,directed:-1:2:not-left-and-right,PDMQ,1,1,1,1,centered,1,centered,not_tested,not_tested
96,1,1,1,birth,-1,pair:-2:1,PDMQ,1,1,1,1,original,1,original,1,1
97,1,0,1,death,-1,directed:-2:1:left-and-not-right,PDMQ,1,1,1,1,centered,1,centered,not_tested,not_tested
98,1,1,1,death,-1,pair:-2:1,PDMQ,1,1,1,1,original,1,original,1,1
99,1,0,1,birth,-1,directed:-2:1:left-and-not-right,PDMQ,1,1,1,1,centered,1,centered,1,1
100,1,1,1,death,-1,pair:-2:1,PDMQ,1,1,1,1,original,1,original,1,1
101,1,0,1,death,-1,pair:-2:1,PDMQ,1,1,1,1,centered,1,centered,not_tested,not_tested
102,1,1,1,death,-1,pair:-2:1,PDMQ,1,1,1,1,original,1,original,1,1
103,1,1,1,death,-1,pair:-2:1,PDMQ,1,1,1,1,original,1,original,1,1
104,1,0,0,death,1,pair:-1:2,PDMQ,1,1,1,0,none,0,none,not_tested,not_tested
105,1,0,1,birth,1,directed:-1:2:not-left-and-right,PDMQ,1,1,1,1,centered,1,centered,not_tested,not_tested
106,1,0,0,death,1,pair:-1:2,PDMQ,1,1,1,0,none,0,none,not_tested,not_tested
107,1,0,1,birth,1,directed:-1:2:not-left-and-right,PDMQ,1,1,1,1,centered,1,centered,not_tested,not_tested
108,1,1,1,birth,1,pair:-1:2,PDMQ,1,1,1,1,original,1,original,not_tested,not_tested
109,1,0,1,birth,1,directed:-1:2:not-left-and-right,PDMQ,1,1,1,1,centered,1,centered,not_tested,not_tested
110,1,1,1,birth,1,pair:-1:2,PDMQ,1,1,1,1,original,0,original,1,0
111,1,1,1,death,1,pair:-1:2,PDMQ,1,1,1,1,original,1,original,1,1
112,1,1,1,birth,-1,pair:-2:1,PDMQ,1,1,1,1,original,1,original,1,1
113,1,0,0,death,-1,pair:-2:1,PDMQ,1,1,1,0,none,0,none,not_tested,not_tested
114,1,1,1,death,-1,pair:-2:1,PDMQ,1,1,1,1,original,1,original,1,1
115,1,0,0,death,-1,pair:-2:1,PDMQ,1,1,1,0,none,0,none,not_tested,not_tested
116,1,1,1,birth,-1,pair:-2:1,PDMQ,1,1,1,1,original,1,original,1,1
117,1,1,1,death,-1,pair:-2:1,PDMQ,1,1,1,1,original,1,original,1,1
118,1,1,1,death,-1,pair:-2:1,PDMQ,1,1,1,1,original,1,original,1,1
119,1,1,1,death,-1,pair:-2:1,PDMQ,1,1,1,1,original,1,original,1,1
120,1,0,0,death,-1,pair:-2:1,PDMQ,1,1,1,0,none,0,none,not_tested,not_tested
121,1,0,1,birth,-1,directed:-2:1:left-and-not-right,PDMQ,1,1,1,1,centered,1,centered,not_tested,not_tested
122,1,1,1,death,1,pair:-1:2,PDMQ,1,1,1,1,original,1,original,1,1
123,1,0,1,birth,1,directed:-1:2:not-left-and-right,PDMQ,1,1,1,1,centered,1,centered,not_tested,not_tested
124,1,1,1,birth,-1,pair:-2:1,PDMQ,1,1,1,1,original,0,original,1,0
125,1,1,1,death,-1,pair:-2:1,PDMQ,1,1,1,1,original,1,original,1,1
126,1,1,1,death,1,pair:-1:2,PDMQ,1,1,1,1,original,1,original,1,1
127,1,1,1,death,1,pair:-1:2,PDMQ,1,1,1,1,original,1,original,1,1
128,1,1,1,birth,1,pair:-1:2,PDMQ,1,1,1,1,original,1,original,1,1
129,1,0,1,birth,1,pair:-1:2,PDMQ,1,1,1,1,centered,1,centered,1,1
130,1,1,1,birth,1,pair:-1:2,PDMQ,1,1,1,1,original,1,original,not_tested,not_tested
131,1,0,1,birth,1,pair:-1:2,PDMQ,1,1,1,1,centered,1,centered,1,1
132,1,1,1,stay_one,1,pair:-1:2,PDMQ,1,1,1,1,original,1,original,not_tested,not_tested
133,1,0,1,stay_one,1,pair:-1:2,PDMQ,1,1,1,1,centered,1,centered,not_tested,not_tested
134,1,1,1,stay_one,-1,pair:-1:2,PDMQ,1,1,1,1,original,0,none,not_tested,not_tested
135,1,0,0,stay_one,1,pair:-1:2,PDMQ,1,1,1,0,none,0,none,not_tested,not_tested
136,1,0,0,birth,1,pair:-1:2,PDMQ,1,1,1,0,none,0,none,not_tested,not_tested
137,1,0,1,birth,-1,pair:-1:2,PDMQ,1,1,1,1,centered,1,centered,1,1
138,1,1,1,death,1,pair:-1:2,PDMQ,1,1,1,1,original,1,original,1,1
139,1,0,1,birth,1,pair:-1:2,PDMQ,1,1,1,1,centered,1,centered,1,1
140,1,1,1,stay_one,1,pair:-1:2,PDMQ,1,1,1,1,original,1,original,1,0
141,1,0,1,stay_one,1,pair:-1:2,PDMQ,1,1,1,1,centered,1,centered,not_tested,not_tested
142,1,1,1,stay_one,1,pair:-1:2,PDMQ,1,1,1,1,original,0,none,not_tested,not_tested
143,1,0,1,stay_one,1,pair:-1:2,PDMQ,1,1,1,1,centered,1,centered,not_tested,not_tested
144,1,1,1,birth,-1,pair:-2:1,PDMQ,1,1,1,1,original,1,original,not_tested,not_tested
145,1,0,1,birth,-1,pair:-2:1,PDMQ,1,1,1,1,centered,1,centered,1,1
146,1,1,1,birth,1,pair:-1:2,PDMQ,1,1,1,1,original,1,original,not_tested,not_tested
147,1,0,1,birth,1,pair:-1:2,PDMQ,1,1,1,1,centered,1,centered,1,1
148,1,1,1,stay_one,1,pair:-2:1,PDMQ,1,1,1,1,original,0,none,not_tested,not_tested
149,1,0,0,stay_one,-1,pair:-2:1,PDMQ,1,1,1,0,none,0,none,not_tested,not_tested
150,1,1,1,stay_one,1,pair:-1:2,PDMQ,1,1,1,1,original,1,original,not_tested,not_tested
151,1,0,0,stay_one,1,pair:-1:2,PDMQ,1,1,1,0,none,0,none,not_tested,not_tested
152,1,0,0,birth,1,pair:-1:2,PDMQ,1,1,1,0,none,0,none,not_tested,not_tested
153,1,0,1,birth,1,pair:-1:2,PDMQ,1,1,1,1,centered,1,centered,1,1
154,1,1,1,birth,1,pair:-1:2,PDMQ,1,1,1,1,original,1,original,1,1
155,1,0,1,birth,1,pair:-1:2,PDMQ,1,1,1,1,centered,1,centered,1,1
156,1,1,1,stay_one,1,pair:-1:2,PDMQ,1,1,1,1,original,1,original,not_tested,not_tested
157,1,0,1,stay_one,1,pair:-1:2,PDMQ,1,1,1,1,centered,1,centered,not_tested,not_tested
158,1,1,1,stay_one,1,pair:-1:2,PDMQ,1,1,1,1,original,1,original,not_tested,not_tested
159,1,0,1,stay_one,1,pair:-1:2,PDMQ,1,1,1,1,centered,1,centered,not_tested,not_tested
160,1,1,1,birth,1,pair:-1:2,PDMQ,1,1,1,1,original,1,original,not_tested,not_tested
161,1,0,1,death,1,directed:-1:2:not-left-and-right,PDMQ,1,1,1,1,centered,1,centered,not_tested,not_tested
162,1,1,1,birth,1,pair:-1:2,PDMQ,1,1,1,1,original,1,original,not_tested,not_tested
163,1,0,1,death,1,directed:-1:2:not-left-and-right,PDMQ,1,1,1,1,centered,1,centered,not_tested,not_tested
164,1,1,1,birth,1,pair:-1:2,PDMQ,1,1,1,1,original,1,original,not_tested,not_tested
165,1,0,1,stay_one,1,pair:-1:2,PDMQ,1,1,1,1,centered,1,centered,not_tested,not_tested
166,1,1,1,birth,1,pair:-1:2,PDMQ,1,1,1,1,original,1,original,1,1
167,1,0,1,birth,1,pair:-1:2,PDMQ,1,1,1,1,centered,1,centered,1,1
168,1,0,0,birth,1,pair:-1:2,PDMQ,1,1,1,0,none,0,none,not_tested,not_tested
169,1,0,0,birth,1,pair:-1:2,PDMQ,1,1,1,0,none,0,none,not_tested,not_tested
170,1,1,1,birth,1,pair:-1:2,PDMQ,1,1,1,1,original,1,original,not_tested,not_tested
171,1,0,0,birth,1,pair:-1:2,PDMQ,1,1,1,0,none,0,none,not_tested,not_tested
172,1,1,1,birth,1,pair:-1:2,PDMQ,1,1,1,1,original,1,original,not_tested,not_tested
173,1,0,1,birth,1,pair:-2:1,PDMQ,1,1,1,1,centered,0,none,not_tested,not_tested
174,1,1,1,birth,1,pair:-1:2,PDMQ,1,1,1,1,original,1,original,1,1
175,1,0,1,birth,1,pair:-1:2,PDMQ,1,1,1,1,centered,1,centered,1,1
176,1,1,1,birth,-1,pair:-2:1,PDMQ,1,1,1,1,original,1,original,not_tested,not_tested
177,1,0,1,death,-1,directed:-2:1:left-and-not-right,PDMQ,1,1,1,1,centered,1,centered,not_tested,not_tested
178,1,1,1,birth,1,pair:-1:2,PDMQ,1,1,1,1,original,1,original,not_tested,not_tested
179,1,0,1,birth,-1,directed:-1:2:not-left-and-right,PDQM,1,1,1,1,centered,1,centered,not_tested,not_tested
180,1,1,1,birth,-1,pair:-2:1,PDMQ,1,1,1,1,original,1,original,1,1
181,1,0,1,birth,-1,pair:-2:1,PDMQ,1,1,1,1,centered,1,centered,1,1
182,1,1,1,birth,1,pair:-1:2,PDMQ,1,1,1,1,original,1,original,not_tested,not_tested
183,1,0,1,birth,1,pair:-1:2,PDMQ,1,1,1,1,centered,1,centered,not_tested,not_tested
184,1,1,1,birth,1,pair:-1:2,PDMQ,1,1,1,1,original,1,original,not_tested,not_tested
185,1,0,1,death,1,directed:-1:2:not-left-and-right,PDMQ,1,1,1,1,centered,1,centered,not_tested,not_tested
186,1,1,1,birth,1,pair:-1:2,PDMQ,1,1,1,1,original,1,original,not_tested,not_tested
187,1,0,0,birth,1,pair:-1:2,PDMQ,1,1,1,0,none,0,none,not_tested,not_tested
188,1,0,0,birth,1,pair:-1:2,PDMQ,1,1,1,0,none,0,none,not_tested,not_tested
189,1,0,1,birth,1,pair:-1:2,PDMQ,1,1,1,1,centered,1,centered,1,1
190,1,1,1,birth,1,pair:-1:2,PDMQ,1,1,1,1,original,1,original,not_tested,not_tested
191,1,0,1,birth,1,pair:-1:2,PDMQ,1,1,1,1,centered,1,centered,1,1
192,1,0,0,birth,-1,pair:-2:1,PDMQ,1,1,1,0,none,0,none,not_tested,not_tested
193,1,0,1,birth,1,pair:-2:1,PDMQ,1,1,1,1,centered,1,centered,1,0
194,1,0,0,birth,-1,pair:-2:1,PDMQ,1,1,1,0,none,0,none,not_tested,not_tested
195,1,0,1,birth,-1,pair:-2:1,PDMQ,1,1,1,1,centered,1,centered,1,1
196,1,1,1,stay_one,-1,pair:-2:1,PDMQ,1,1,1,1,original,1,original,1,1
197,1,0,1,stay_one,-1,pair:-2:1,PDMQ,1,1,1,1,centered,1,centered,not_tested,not_tested
198,1,1,1,stay_one,-1,pair:-2:1,PDMQ,1,1,1,1,original,1,original,not_tested,not_tested
199,1,0,1,stay_one,-1,pair:-2:1,PDMQ,1,1,1,1,centered,1,centered,not_tested,not_tested
200,1,1,1,stay_one,1,pair:-1:2,PDMQ,1,1,1,1,original,1,original,not_tested,not_tested
201,1,0,1,birth,1,pair:-1:2,PDMQ,1,1,1,1,centered,1,centered,not_tested,not_tested
202,1,1,1,birth,1,pair:-1:2,PDMQ,1,1,1,1,original,0,none,not_tested,not_tested
203,1,0,1,birth,1,pair:-1:2,PDMQ,1,1,1,1,centered,1,centered,1,1
204,1,1,1,stay_one,1,pair:-1:2,PDMQ,1,1,1,1,original,1,original,1,1
205,1,0,1,stay_one,1,pair:-1:2,PDMQ,1,1,1,1,centered,1,centered,not_tested,not_tested
206,1,1,1,stay_one,1,pair:-1:2,PDMQ,1,1,1,1,original,0,original,1,0
207,1,0,1,stay_one,1,pair:-1:2,PDMQ,1,1,1,1,centered,1,centered,not_tested,not_tested
208,1,1,1,death,-1,pair:-2:1,PDMQ,1,1,1,1,original,1,original,1,1
209,1,0,1,birth,-1,pair:-2:1,PDMQ,1,1,1,1,centered,1,centered,1,1
210,1,1,1,birth,-1,pair:-2:1,PDMQ,1,1,1,1,original,1,original,1,1
211,1,0,1,birth,-1,pair:-2:1,PDMQ,1,1,1,1,centered,1,centered,1,1
212,1,1,1,stay_one,-1,pair:-2:1,PDMQ,1,1,1,1,original,0,none,not_tested,not_tested
213,1,0,1,stay_one,-1,pair:-2:1,PDMQ,1,1,1,1,centered,1,centered,not_tested,not_tested
214,1,1,1,stay_one,-1,pair:-2:1,PDMQ,1,1,1,1,original,1,original,not_tested,not_tested
215,1,0,1,stay_one,-1,pair:-2:1,PDMQ,1,1,1,1,centered,1,centered,not_tested,not_tested
216,1,1,1,birth,-1,pair:-2:1,PDMQ,1,1,1,1,original,0,none,not_tested,not_tested
217,1,0,1,birth,-1,pair:-2:1,PDMQ,1,1,1,1,centered,1,centered,1,1
218,1,1,1,stay_one,1,pair:-1:2,PDMQ,1,1,1,1,original,1,original,1,1
219,1,0,1,stay_one,1,pair:-1:2,PDMQ,1,1,1,1,centered,1,centered,1,1
220,1,1,1,stay_one,-1,pair:-2:1,PDMQ,1,1,1,1,original,0,original,1,0
221,1,0,1,stay_one,-1,pair:-2:1,PDMQ,1,1,1,1,centered,1,centered,not_tested,not_tested
222,1,1,1,stay_one,1,pair:-1:2,PDMQ,1,1,1,1,original,1,original,not_tested,not_tested
223,1,0,1,stay_one,1,pair:-1:2,PDMQ,1,1,1,1,centered,1,centered,not_tested,not_tested
224,1,0,0,birth,-1,pair:-2:1,PDMQ,1,1,1,0,none,0,none,not_tested,not_tested
225,1,0,0,birth,-1,pair:-2:1,PDMQ,1,1,1,0,none,0,none,not_tested,not_tested
226,1,1,1,birth,-1,pair:-2:1,PDMQ,1,1,1,1,original,1,original,not_tested,not_tested
227,1,0,1,death,-1,directed:-2:1:left-and-not-right,PDMQ,1,1,1,1,centered,1,centered,not_tested,not_tested
228,1,1,1,birth,-1,pair:-2:1,PDMQ,1,1,1,1,original,1,original,not_tested,not_tested
229,1,0,1,birth,-1,pair:-1:2,PDMQ,1,1,1,1,centered,0,none,not_tested,not_tested
230,1,0,0,birth,-1,pair:-2:1,PDMQ,1,1,1,0,none,0,none,not_tested,not_tested
231,1,0,1,birth,-1,pair:-2:1,PDMQ,1,1,1,1,centered,1,centered,1,1
232,1,1,1,stay_zero,1,directed:-1:2:not-left-and-right,PDMQ,1,1,1,1,original,1,original,not_tested,not_tested
233,1,0,0,birth,-1,pair:-1:2,PDMQ,1,1,1,0,none,0,none,not_tested,not_tested
234,1,0,0,birth,-1,pair:-1:2,PDMQ,1,1,1,0,none,0,none,not_tested,not_tested
235,1,0,0,birth,-1,pair:-1:2,PDMQ,1,1,1,0,none,0,none,not_tested,not_tested
236,1,1,1,stay_one,1,pair:-1:2,PDMQ,1,1,1,1,original,1,original,1,1
237,1,0,1,birth,1,pair:-1:2,PDMQ,1,1,1,1,centered,1,centered,not_tested,not_tested
238,1,0,0,birth,1,pair:-1:2,PDMQ,1,1,1,0,none,0,none,not_tested,not_tested
239,1,0,1,birth,1,pair:-1:2,PDMQ,1,1,1,1,centered,1,centered,1,1
240,1,1,1,birth,-1,pair:-2:1,PDMQ,1,1,1,1,original,1,original,not_tested,not_tested
241,1,0,0,birth,-1,pair:-2:1,PDMQ,1,1,1,0,none,0,none,not_tested,not_tested
242,1,1,1,birth,-1,pair:-2:1,PDMQ,1,1,1,1,original,1,original,not_tested,not_tested
243,1,0,0,birth,-1,pair:-2:1,PDMQ,1,1,1,0,none,0,none,not_tested,not_tested
244,1,1,1,birth,-1,pair:-2:1,PDMQ,1,1,1,1,original,1,original,1,1
245,1,0,1,birth,-1,pair:-2:1,PDMQ,1,1,1,1,centered,1,centered,1,1
246,1,1,1,birth,-1,pair:-2:1,PDMQ,1,1,1,1,original,1,original,not_tested,not_tested
247,1,0,1,birth,-1,pair:-2:1,PDMQ,1,1,1,1,centered,1,centered,1,1
248,1,0,0,birth,1,pair:-2:1,PDMQ,1,1,1,0,none,0,none,not_tested,not_tested
249,1,0,0,birth,1,pair:-2:1,PDMQ,1,1,1,0,none,0,none,not_tested,not_tested
250,1,1,1,birth,1,pair:-1:2,PDMQ,1,1,1,1,original,1,original,not_tested,not_tested
251,1,0,0,birth,1,pair:-1:2,PDMQ,1,1,1,0,none,0,none,not_tested,not_tested
252,1,0,0,birth,-1,pair:-2:1,PDMQ,1,1,1,0,none,0,none,not_tested,not_tested
253,1,0,1,birth,-1,pair:-2:1,PDMQ,1,1,1,1,centered,1,centered,1,1
254,1,1,1,birth,1,pair:-1:2,PDMQ,1,1,1,1,original,1,original,1,1
255,1,0,1,birth,1,pair:-1:2,PDMQ,1,1,1,1,centered,1,centered,1,1
