m,w,area,k,u,v,candidates,off_code,wider_context,accepted,rules
1,1,1,1,-1,0,2,0,2,0,
1,1,1,1,0,0,2,0,0,2,232
1,1,1,1,1,0,2,0,2,0,
1,1,1,2,-2,0,2,0,2,0,
1,1,1,2,-1,0,2,0,2,0,
1,1,1,2,0,0,2,0,2,0,
1,1,1,2,1,0,2,0,2,0,
1,1,1,2,2,0,2,0,2,0,
1,1,1,3,-3,0,2,0,2,0,
1,1,1,3,-2,0,2,0,2,0,
1,1,1,3,-1,0,2,0,2,0,
1,1,1,3,0,0,2,0,2,0,
1,1,1,3,1,0,2,0,2,0,
1,1,1,3,2,0,2,0,2,0,
1,1,1,3,3,0,2,0,2,0,
1,2,2,1,-1,0,12,4,0,8,192 252
1,2,2,1,0,0,12,10,0,2,204
1,2,2,1,1,0,12,4,0,8,136 238
1,2,2,2,-2,0,12,2,8,2,240
1,2,2,2,-1,0,12,12,0,0,
1,2,2,2,0,0,12,2,0,10,128 204 254
1,2,2,2,1,0,12,12,0,0,
1,2,2,2,2,0,12,2,8,2,170
1,2,2,3,-3,0,12,4,8,0,
1,2,2,3,-2,0,12,10,0,2,240
1,2,2,3,-1,0,12,4,8,0,
1,2,2,3,0,0,12,10,0,2,204
1,2,2,3,1,0,12,4,8,0,
1,2,2,3,2,0,12,10,0,2,170
1,2,2,3,3,0,12,4,8,0,
1,3,3,1,-1,0,56,44,0,12,0 255
1,3,3,1,0,0,56,42,0,14,0 204 255
1,3,3,1,1,0,56,44,0,12,0 255
1,3,3,2,-2,0,56,44,0,12,0 255
1,3,3,2,-1,0,56,44,0,12,0 255
1,3,3,2,0,0,56,42,0,14,0 204 255
1,3,3,2,1,0,56,44,0,12,0 255
1,3,3,2,2,0,56,44,0,12,0 255
1,3,3,3,-3,0,56,42,0,14,0 240 255
1,3,3,3,-2,0,56,44,0,12,0 255
1,3,3,3,-1,0,56,44,0,12,0 255
1,3,3,3,0,0,56,42,0,14,0 204 255
1,3,3,3,1,0,56,44,0,12,0 255
1,3,3,3,2,0,56,44,0,12,0 255
1,3,3,3,3,0,56,42,0,14,0 170 255
1,4,4,1,-1,0,240,224,0,16,0 255
1,4,4,1,0,0,240,208,0,32,0 204 255
1,4,4,1,1,0,240,224,0,16,0 255
1,4,4,2,-2,0,240,216,0,24,0 192 252 255
1,4,4,2,-1,0,240,224,0,16,0 255
1,4,4,2,0,0,240,208,0,32,0 204 255
1,4,4,2,1,0,240,224,0,16,0 255
1,4,4,2,2,0,240,216,0,24,0 136 238 255
1,4,4,3,-3,0,240,224,0,16,0 255
1,4,4,3,-2,0,240,224,0,16,0 255
1,4,4,3,-1,0,240,224,0,16,0 255
1,4,4,3,0,0,240,208,0,32,0 204 255
1,4,4,3,1,0,240,224,0,16,0 255
1,4,4,3,2,0,240,224,0,16,0 255
1,4,4,3,3,0,240,224,0,16,0 255
1,5,5,1,-1,0,992,972,0,20,0 255
1,5,5,1,0,0,992,902,0,90,0 204 255
1,5,5,1,1,0,992,972,0,20,0 255
1,5,5,2,-2,0,992,952,0,40,0 255
1,5,5,2,-1,0,992,952,0,40,0 255
1,5,5,2,0,0,992,882,0,110,0 204 255
1,5,5,2,1,0,992,952,0,40,0 255
1,5,5,2,2,0,992,952,0,40,0 255
1,5,5,3,-3,0,992,952,0,40,0 255
1,5,5,3,-2,0,992,952,0,40,0 255
1,5,5,3,-1,0,992,952,0,40,0 255
1,5,5,3,0,0,992,882,0,110,0 204 255
1,5,5,3,1,0,992,952,0,40,0 255
1,5,5,3,2,0,992,952,0,40,0 255
1,5,5,3,3,0,992,952,0,40,0 255
1,6,6,1,-1,0,4032,3996,0,36,0 255
1,6,6,1,0,0,4032,3758,0,274,0 204 255
1,6,6,1,1,0,4032,3996,0,36,0 255
1,6,6,2,-2,0,4032,3972,0,60,0 255
1,6,6,2,-1,0,4032,3972,0,60,0 255
1,6,6,2,0,0,4032,3734,0,298,0 204 255
1,6,6,2,1,0,4032,3972,0,60,0 255
1,6,6,2,2,0,4032,3972,0,60,0 255
1,6,6,3,-3,0,4032,3964,0,68,0 192 252 255
1,6,6,3,-2,0,4032,3972,0,60,0 255
1,6,6,3,-1,0,4032,3972,0,60,0 255
1,6,6,3,0,0,4032,3734,0,298,0 204 255
1,6,6,3,1,0,4032,3972,0,60,0 255
1,6,6,3,2,0,4032,3972,0,60,0 255
1,6,6,3,3,0,4032,3964,0,68,0 136 238 255
2,1,2,1,-1,-1,12,0,8,4,204
2,1,2,1,-1,0,12,8,4,0,
2,1,2,1,0,-1,12,0,0,12,170 232 240
2,1,2,1,0,0,12,8,0,4,23 232
2,1,2,1,1,-1,12,0,8,4,204
2,1,2,1,1,0,12,8,4,0,
2,1,2,2,-2,-1,12,8,4,0,
2,1,2,2,-2,0,12,0,8,4,204
2,1,2,2,-1,-1,12,8,4,0,
2,1,2,2,-1,0,12,0,8,4,170
2,1,2,2,0,-1,12,8,4,0,
2,1,2,2,0,0,12,0,12,0,
2,1,2,2,1,-1,12,8,4,0,
2,1,2,2,1,0,12,0,8,4,240
2,1,2,2,2,-1,12,8,4,0,
2,1,2,2,2,0,12,0,8,4,204
2,1,2,3,-3,-1,12,0,8,4,204
2,1,2,3,-3,0,12,8,4,0,
2,1,2,3,-2,-1,12,0,8,4,170
2,1,2,3,-2,0,12,8,4,0,
2,1,2,3,-1,-1,12,0,12,0,
2,1,2,3,-1,0,12,8,4,0,
2,1,2,3,0,-1,12,0,12,0,
2,1,2,3,0,0,12,8,4,0,
2,1,2,3,1,-1,12,0,12,0,
2,1,2,3,1,0,12,8,4,0,
2,1,2,3,2,-1,12,0,8,4,240
2,1,2,3,2,0,12,8,4,0,
2,1,2,3,3,-1,12,0,8,4,204
2,1,2,3,3,0,12,8,4,0,
2,2,4,1,-1,-1,240,176,0,64,192 204 240 252
2,2,4,1,-1,0,240,232,0,8,192 252
2,2,4,1,0,-1,240,236,0,4,204
2,2,4,1,0,0,240,236,0,4,51 204
2,2,4,1,1,-1,240,176,0,64,136 170 204 238
2,2,4,1,1,0,240,232,0,8,136 238
2,2,4,2,-2,-1,240,228,8,4,15 240
2,2,4,2,-2,0,240,172,40,28,204 240
2,2,4,2,-1,-1,240,240,0,0,
2,2,4,2,-1,0,240,240,0,0,
2,2,4,2,0,-1,240,228,0,12,51 128 204 254
2,2,4,2,0,0,240,172,0,68,128 170 204 240 254
2,2,4,2,1,-1,240,240,0,0,
2,2,4,2,1,0,240,240,0,0,
2,2,4,2,2,-1,240,228,8,4,85 170
2,2,4,2,2,0,240,172,40,28,170 204
2,2,4,3,-3,-1,240,176,40,24,204
2,2,4,3,-3,0,240,232,8,0,
2,2,4,3,-2,-1,240,236,0,4,240
2,2,4,3,-2,0,240,236,0,4,15 240
2,2,4,3,-1,-1,240,176,40,24,170
2,2,4,3,-1,0,240,232,8,0,
2,2,4,3,0,-1,240,236,0,4,204
2,2,4,3,0,0,240,236,0,4,51 204
2,2,4,3,1,-1,240,176,40,24,240
2,2,4,3,1,0,240,232,8,0,
2,2,4,3,2,-1,240,236,0,4,170
2,2,4,3,2,0,240,236,0,4,85 170
2,2,4,3,3,-1,240,176,40,24,204
2,2,4,3,3,0,240,232,8,0,
2,3,6,1,-1,-1,4032,3890,0,142,0 204 255
2,3,6,1,-1,0,4032,4014,0,18,0 51 255
2,3,6,1,0,-1,4032,3954,0,78,0 204 255
2,3,6,1,0,0,4032,4010,0,22,0 51 204 255
2,3,6,1,1,-1,4032,3890,0,142,0 204 255
2,3,6,1,1,0,4032,4014,0,18,0 51 255
2,3,6,2,-2,-1,4032,4014,0,18,0 51 255
2,3,6,2,-2,0,4032,3890,0,142,0 204 255
2,3,6,2,-1,-1,4032,4014,0,18,0 15 255
2,3,6,2,-1,0,4032,3890,0,142,0 240 255
2,3,6,2,0,-1,4032,4010,0,22,0 51 204 255
2,3,6,2,0,0,4032,3954,0,78,0 204 255
2,3,6,2,1,-1,4032,4014,0,18,0 85 255
2,3,6,2,1,0,4032,3890,0,142,0 170 255
2,3,6,2,2,-1,4032,4014,0,18,0 51 255
2,3,6,2,2,0,4032,3890,0,142,0 204 255
2,3,6,3,-3,-1,4032,3718,118,196,0 204 240 255
2,3,6,3,-3,0,4032,3998,6,28,0 15 51 240 255
2,3,6,3,-2,-1,4032,4008,0,24,0 255
2,3,6,3,-2,0,4032,4020,0,12,0 255
2,3,6,3,-1,-1,4032,4008,0,24,0 255
2,3,6,3,-1,0,4032,4020,0,12,0 255
2,3,6,3,0,-1,4032,3718,0,314,0 170 204 240 255
2,3,6,3,0,0,4032,3998,0,34,0 15 51 85 204 255
2,3,6,3,1,-1,4032,4008,0,24,0 255
2,3,6,3,1,0,4032,4020,0,12,0 255
2,3,6,3,2,-1,4032,4008,0,24,0 255
2,3,6,3,2,0,4032,4020,0,12,0 255
2,3,6,3,3,-1,4032,3718,118,196,0 170 204 255
2,3,6,3,3,0,4032,3998,6,28,0 51 85 170 255
3,1,3,1,-1,-1,56,48,2,6,204
3,1,3,1,-1,0,56,54,2,0,
3,1,3,1,-1,1,56,48,8,0,
3,1,3,1,0,-1,56,48,0,8,170 232
3,1,3,1,0,0,56,54,0,2,232
3,1,3,1,0,1,56,48,0,8,232 240
3,1,3,1,1,-1,56,48,8,0,
3,1,3,1,1,0,56,54,2,0,
3,1,3,1,1,1,56,48,2,6,204
3,1,3,2,-2,-1,56,48,8,0,
3,1,3,2,-2,0,56,54,2,0,
3,1,3,2,-2,1,56,48,2,6,204
3,1,3,2,-1,-1,56,48,8,0,
3,1,3,2,-1,0,56,54,2,0,
3,1,3,2,-1,1,56,48,2,6,170
3,1,3,2,0,-1,56,48,8,0,
3,1,3,2,0,0,56,54,2,0,
3,1,3,2,0,1,56,48,8,0,
3,1,3,2,1,-1,56,48,2,6,240
3,1,3,2,1,0,56,54,2,0,
3,1,3,2,1,1,56,48,8,0,
3,1,3,2,2,-1,56,48,2,6,204
3,1,3,2,2,0,56,54,2,0,
3,1,3,2,2,1,56,48,8,0,
3,1,3,3,-3,-1,56,54,2,0,
3,1,3,3,-3,0,56,42,8,6,204
3,1,3,3,-3,1,56,54,2,0,
3,1,3,3,-2,-1,56,54,2,0,
3,1,3,3,-2,0,56,42,8,6,170
3,1,3,3,-2,1,56,54,2,0,
3,1,3,3,-1,-1,56,54,2,0,
3,1,3,3,-1,0,56,42,14,0,
3,1,3,3,-1,1,56,54,2,0,
3,1,3,3,0,-1,56,54,2,0,
3,1,3,3,0,0,56,42,14,0,
3,1,3,3,0,1,56,54,2,0,
3,1,3,3,1,-1,56,54,2,0,
3,1,3,3,1,0,56,42,14,0,
3,1,3,3,1,1,56,54,2,0,
3,1,3,3,2,-1,56,54,2,0,
3,1,3,3,2,0,56,42,8,6,240
3,1,3,3,2,1,56,54,2,0,
3,1,3,3,3,-1,56,54,2,0,
3,1,3,3,3,0,56,42,8,6,204
3,1,3,3,3,1,56,54,2,0,
3,2,6,1,-1,-1,4032,3976,0,56,192 204 240 252
3,2,6,1,-1,0,4032,4018,0,14,60 192 195 252
3,2,6,1,-1,1,4032,3976,0,56,192 204 240 252
3,2,6,1,0,-1,4032,4030,0,2,204
3,2,6,1,0,0,4032,4030,0,2,204
3,2,6,1,0,1,4032,4030,0,2,204
3,2,6,1,1,-1,4032,3976,0,56,136 170 204 238
3,2,6,1,1,0,4032,4018,0,14,102 136 153 238
3,2,6,1,1,1,4032,3976,0,56,136 170 204 238
3,2,6,2,-2,-1,4032,3974,44,14,204 240
3,2,6,2,-2,0,4032,4016,14,2,240
3,2,6,2,-2,1,4032,3974,20,38,204 240
3,2,6,2,-1,-1,4032,4032,0,0,
3,2,6,2,-1,0,4032,4032,0,0,
3,2,6,2,-1,1,4032,4032,0,0,
3,2,6,2,0,-1,4032,3974,0,58,128 170 204 240 254
3,2,6,2,0,0,4032,4016,0,16,90 128 165 204 254
3,2,6,2,0,1,4032,3974,0,58,128 170 204 240 254
3,2,6,2,1,-1,4032,4032,0,0,
3,2,6,2,1,0,4032,4032,0,0,
3,2,6,2,1,1,4032,4032,0,0,
3,2,6,2,2,-1,4032,3974,20,38,170 204
3,2,6,2,2,0,4032,4016,14,2,170
3,2,6,2,2,1,4032,3974,44,14,170 204
3,2,6,3,-3,-1,4032,4024,8,0,
3,2,6,3,-3,0,4032,3922,62,48,204
3,2,6,3,-3,1,4032,4024,8,0,
3,2,6,3,-2,-1,4032,4030,0,2,240
3,2,6,3,-2,0,4032,4030,0,2,240
3,2,6,3,-2,1,4032,4030,0,2,240
3,2,6,3,-1,-1,4032,4024,8,0,
3,2,6,3,-1,0,4032,3922,62,48,170
3,2,6,3,-1,1,4032,4024,8,0,
3,2,6,3,0,-1,4032,4030,0,2,204
3,2,6,3,0,0,4032,4030,0,2,204
3,2,6,3,0,1,4032,4030,0,2,204
3,2,6,3,1,-1,4032,4024,8,0,
3,2,6,3,1,0,4032,3922,62,48,240
3,2,6,3,1,1,4032,4024,8,0,
3,2,6,3,2,-1,4032,4030,0,2,170
3,2,6,3,2,0,4032,4030,0,2,170
3,2,6,3,2,1,4032,4030,0,2,170
3,2,6,3,3,-1,4032,4024,8,0,
3,2,6,3,3,0,4032,3922,62,48,204
3,2,6,3,3,1,4032,4024,8,0,
4,1,4,1,-1,-1,240,204,12,24,204
4,1,4,1,-1,0,240,236,4,0,
4,1,4,1,-1,1,240,204,28,8,51 204
4,1,4,1,0,-1,240,204,0,36,15 170 232 240
4,1,4,1,0,0,240,236,0,4,23 232
4,1,4,1,0,1,240,204,0,36,85 170 232 240
4,1,4,1,1,-1,240,204,28,8,51 204
4,1,4,1,1,0,240,236,4,0,
4,1,4,1,1,1,240,204,12,24,204
4,1,4,2,-2,-2,240,188,28,24,204
4,1,4,2,-2,-1,240,236,4,0,
4,1,4,2,-2,0,240,220,12,8,51 204
4,1,4,2,-2,1,240,236,4,0,
4,1,4,2,-1,-2,240,188,28,24,170
4,1,4,2,-1,-1,240,236,4,0,
4,1,4,2,-1,0,240,220,12,8,85 170
4,1,4,2,-1,1,240,236,4,0,
4,1,4,2,0,-2,240,188,52,0,
4,1,4,2,0,-1,240,236,4,0,
4,1,4,2,0,0,240,220,20,0,
4,1,4,2,0,1,240,236,4,0,
4,1,4,2,1,-2,240,188,28,24,240
4,1,4,2,1,-1,240,236,4,0,
4,1,4,2,1,0,240,220,12,8,15 240
4,1,4,2,1,1,240,236,4,0,
4,1,4,2,2,-2,240,188,28,24,204
4,1,4,2,2,-1,240,236,4,0,
4,1,4,2,2,0,240,220,12,8,51 204
4,1,4,2,2,1,240,236,4,0,
4,1,4,3,-3,-2,240,236,4,0,
4,1,4,3,-3,-1,240,204,28,8,51 204
4,1,4,3,-3,0,240,236,4,0,
4,1,4,3,-3,1,240,204,12,24,204
4,1,4,3,-2,-2,240,236,4,0,
4,1,4,3,-2,-1,240,204,28,8,85 170
4,1,4,3,-2,0,240,236,4,0,
4,1,4,3,-2,1,240,204,12,24,170
4,1,4,3,-1,-2,240,236,4,0,
4,1,4,3,-1,-1,240,204,36,0,
4,1,4,3,-1,0,240,236,4,0,
4,1,4,3,-1,1,240,204,36,0,
4,1,4,3,0,-2,240,236,4,0,
4,1,4,3,0,-1,240,204,36,0,
4,1,4,3,0,0,240,236,4,0,
4,1,4,3,0,1,240,204,36,0,
4,1,4,3,1,-2,240,236,4,0,
4,1,4,3,1,-1,240,204,36,0,
4,1,4,3,1,0,240,236,4,0,
4,1,4,3,1,1,240,204,36,0,
4,1,4,3,2,-2,240,236,4,0,
4,1,4,3,2,-1,240,204,12,24,240
4,1,4,3,2,0,240,236,4,0,
4,1,4,3,2,1,240,204,28,8,15 240
4,1,4,3,3,-2,240,236,4,0,
4,1,4,3,3,-1,240,204,12,24,204
4,1,4,3,3,0,240,236,4,0,
4,1,4,3,3,1,240,204,28,8,51 204
5,1,5,1,-1,-1,992,940,2,50,204
5,1,5,1,-1,0,992,990,2,0,
5,1,5,1,-1,1,992,940,52,0,
5,1,5,1,0,-1,992,940,0,52,170 232
5,1,5,1,0,0,992,990,0,2,232
5,1,5,1,0,1,992,940,0,52,232 240
5,1,5,1,1,-1,992,940,52,0,
5,1,5,1,1,0,992,990,2,0,
5,1,5,1,1,1,992,940,2,50,204
5,1,5,2,-2,-2,992,940,2,50,204
5,1,5,2,-2,-1,992,990,2,0,
5,1,5,2,-2,0,992,990,2,0,
5,1,5,2,-2,1,992,990,2,0,
5,1,5,2,-2,2,992,940,52,0,
5,1,5,2,-1,-2,992,940,2,50,170
5,1,5,2,-1,-1,992,990,2,0,
5,1,5,2,-1,0,992,990,2,0,
5,1,5,2,-1,1,992,990,2,0,
5,1,5,2,-1,2,992,940,52,0,
5,1,5,2,0,-2,992,940,52,0,
5,1,5,2,0,-1,992,990,2,0,
5,1,5,2,0,0,992,990,2,0,
5,1,5,2,0,1,992,990,2,0,
5,1,5,2,0,2,992,940,52,0,
5,1,5,2,1,-2,992,940,52,0,
5,1,5,2,1,-1,992,990,2,0,
5,1,5,2,1,0,992,990,2,0,
5,1,5,2,1,1,992,990,2,0,
5,1,5,2,1,2,992,940,2,50,240
5,1,5,2,2,-2,992,940,52,0,
5,1,5,2,2,-1,992,990,2,0,
5,1,5,2,2,0,992,990,2,0,
5,1,5,2,2,1,992,990,2,0,
5,1,5,2,2,2,992,940,2,50,204
5,1,5,3,-3,-2,992,940,52,0,
5,1,5,3,-3,-1,992,990,2,0,
5,1,5,3,-3,0,992,990,2,0,
5,1,5,3,-3,1,992,990,2,0,
5,1,5,3,-3,2,992,940,2,50,204
5,1,5,3,-2,-2,992,940,52,0,
5,1,5,3,-2,-1,992,990,2,0,
5,1,5,3,-2,0,992,990,2,0,
5,1,5,3,-2,1,992,990,2,0,
5,1,5,3,-2,2,992,940,2,50,170
5,1,5,3,-1,-2,992,940,52,0,
5,1,5,3,-1,-1,992,990,2,0,
5,1,5,3,-1,0,992,990,2,0,
5,1,5,3,-1,1,992,990,2,0,
5,1,5,3,-1,2,992,940,52,0,
5,1,5,3,0,-2,992,940,52,0,
5,1,5,3,0,-1,992,990,2,0,
5,1,5,3,0,0,992,990,2,0,
5,1,5,3,0,1,992,990,2,0,
5,1,5,3,0,2,992,940,52,0,
5,1,5,3,1,-2,992,940,52,0,
5,1,5,3,1,-1,992,990,2,0,
5,1,5,3,1,0,992,990,2,0,
5,1,5,3,1,1,992,990,2,0,
5,1,5,3,1,2,992,940,52,0,
5,1,5,3,2,-2,992,940,2,50,240
5,1,5,3,2,-1,992,990,2,0,
5,1,5,3,2,0,992,990,2,0,
5,1,5,3,2,1,992,990,2,0,
5,1,5,3,2,2,992,940,52,0,
5,1,5,3,3,-2,992,940,2,50,204
5,1,5,3,3,-1,992,990,2,0,
5,1,5,3,3,0,992,990,2,0,
5,1,5,3,3,1,992,990,2,0,
5,1,5,3,3,2,992,940,52,0,
6,1,6,1,-1,-1,4032,3888,8,136,204
6,1,6,1,-1,0,4032,4028,4,0,
6,1,6,1,-1,1,4032,3888,140,4,204
6,1,6,1,0,-1,4032,3888,0,144,170 232 240
6,1,6,1,0,0,4032,4028,0,4,23 232
6,1,6,1,0,1,4032,3888,0,144,170 232 240
6,1,6,1,1,-1,4032,3888,140,4,204
6,1,6,1,1,0,4032,4028,4,0,
6,1,6,1,1,1,4032,3888,8,136,204
6,1,6,2,-2,-2,4032,3888,8,136,204
6,1,6,2,-2,-1,4032,4016,16,0,
6,1,6,2,-2,0,4032,4020,8,4,204
6,1,6,2,-2,1,4032,4016,4,12,51 204
6,1,6,2,-2,2,4032,3888,140,4,204
6,1,6,2,-1,-2,4032,3888,8,136,170
6,1,6,2,-1,-1,4032,4016,16,0,
6,1,6,2,-1,0,4032,4020,8,4,170
6,1,6,2,-1,1,4032,4016,4,12,85 170
6,1,6,2,-1,2,4032,3888,140,4,170
6,1,6,2,0,-2,4032,3888,144,0,
6,1,6,2,0,-1,4032,4016,16,0,
6,1,6,2,0,0,4032,4020,12,0,
6,1,6,2,0,1,4032,4016,16,0,
6,1,6,2,0,2,4032,3888,144,0,
6,1,6,2,1,-2,4032,3888,140,4,240
6,1,6,2,1,-1,4032,4016,4,12,15 240
6,1,6,2,1,0,4032,4020,8,4,240
6,1,6,2,1,1,4032,4016,16,0,
6,1,6,2,1,2,4032,3888,8,136,240
6,1,6,2,2,-2,4032,3888,140,4,204
6,1,6,2,2,-1,4032,4016,4,12,51 204
6,1,6,2,2,0,4032,4020,8,4,204
6,1,6,2,2,1,4032,4016,16,0,
6,1,6,2,2,2,4032,3888,8,136,204
6,1,6,3,-3,-3,4032,3756,140,136,204
6,1,6,3,-3,-2,4032,4028,4,0,
6,1,6,3,-3,-1,4032,4020,8,4,204
6,1,6,3,-3,0,4032,4004,16,12,51 204
6,1,6,3,-3,1,4032,4020,8,4,204
6,1,6,3,-3,2,4032,4028,4,0,
6,1,6,3,-2,-3,4032,3756,140,136,170
6,1,6,3,-2,-2,4032,4028,4,0,
6,1,6,3,-2,-1,4032,4020,8,4,170
6,1,6,3,-2,0,4032,4004,16,12,85 170
6,1,6,3,-2,1,4032,4020,8,4,170
6,1,6,3,-2,2,4032,4028,4,0,
6,1,6,3,-1,-3,4032,3756,276,0,
6,1,6,3,-1,-2,4032,4028,4,0,
6,1,6,3,-1,-1,4032,4020,12,0,
6,1,6,3,-1,0,4032,4004,28,0,
6,1,6,3,-1,1,4032,4020,12,0,
6,1,6,3,-1,2,4032,4028,4,0,
6,1,6,3,0,-3,4032,3756,276,0,
6,1,6,3,0,-2,4032,4028,4,0,
6,1,6,3,0,-1,4032,4020,12,0,
6,1,6,3,0,0,4032,4004,28,0,
6,1,6,3,0,1,4032,4020,12,0,
6,1,6,3,0,2,4032,4028,4,0,
6,1,6,3,1,-3,4032,3756,276,0,
6,1,6,3,1,-2,4032,4028,4,0,
6,1,6,3,1,-1,4032,4020,12,0,
6,1,6,3,1,0,4032,4004,28,0,
6,1,6,3,1,1,4032,4020,12,0,
6,1,6,3,1,2,4032,4028,4,0,
6,1,6,3,2,-3,4032,3756,140,136,240
6,1,6,3,2,-2,4032,4028,4,0,
6,1,6,3,2,-1,4032,4020,8,4,240
6,1,6,3,2,0,4032,4004,16,12,15 240
6,1,6,3,2,1,4032,4020,8,4,240
6,1,6,3,2,2,4032,4028,4,0,
6,1,6,3,3,-3,4032,3756,140,136,204
6,1,6,3,3,-2,4032,4028,4,0,
6,1,6,3,3,-1,4032,4020,8,4,204
6,1,6,3,3,0,4032,4004,16,12,51 204
6,1,6,3,3,1,4032,4020,8,4,204
6,1,6,3,3,2,4032,4028,4,0,
