rule,class,projection,block,stride,e0,e1,e2,e3,coverage_h3,repair_h3
0,I,parity,2,2,0.0,0.0,0.0,0.0,1.0,
0,I,parity,4,4,0.0,0.0,0.0,0.0,1.0,
8,I,parity,2,2,0.0,0.0,0.0,0.0,1.0,
8,I,parity,4,4,0.0,0.0,0.0,0.0,1.0,
32,I,parity,2,2,0.0,0.0,0.0,0.0,1.0,
32,I,parity,4,4,0.0,0.0,0.0,0.0,1.0,
40,I,parity,2,2,0.0,0.0,0.0,0.0,1.0,
40,I,parity,4,4,0.0,0.0,0.0,0.0,1.0,
128,I,parity,2,2,0.0,0.0,0.0,0.0,1.0,
128,I,parity,4,4,0.0,0.0,0.0,0.0,1.0,
136,I,parity,2,2,0.0,0.0,0.0,0.0,1.0,
136,I,parity,4,4,0.0,0.0,0.0,0.0,1.0,
160,I,parity,2,2,0.0,0.0,0.0,0.0,1.0,
160,I,parity,4,4,0.0,0.0,0.0,0.0,1.0,
168,I,parity,2,2,0.0,0.0,0.0,0.0,1.0,
168,I,parity,4,4,0.0,0.0,0.0,0.0,1.0,
1,II,parity,2,2,0.0,0.0,0.0,0.0,1.0,
1,II,parity,4,4,0.0,0.0,0.0,0.0,1.0,
2,II,parity,2,2,0.0,0.0,0.006666666666666667,0.006666666666666667,0.9866666666666667,
2,II,parity,4,4,0.0,0.0,0.0,0.0,1.0,
3,II,parity,2,2,0.26666666666666666,0.0,0.0,0.0,0.9966666666666667,1.0
3,II,parity,4,4,0.3867047619047619,0.006666666666666667,0.04,0.1,0.8200000000000001,0.7414047877056448
4,II,parity,2,2,0.0,0.0,0.0,0.0,1.0,
4,II,parity,4,4,0.0,0.0,0.0,0.0,1.0,
5,II,parity,2,2,0.0,0.0,0.0,0.0,1.0,
5,II,parity,4,4,0.0,0.0,0.0,0.0,1.0,
6,II,parity,2,2,0.0,0.0,0.01,0.023333333333333334,0.9733333333333334,
6,II,parity,4,4,0.0,0.0,0.0,0.006666666666666667,0.94,
7,II,parity,2,2,0.14666666666666667,0.0,0.0016666666666666668,0.0016714697406340058,0.9933429394812681,0.9886036154047682
7,II,parity,4,4,0.2534095238095238,0.01,0.01996146435452794,0.04,0.9,0.8421527360192423
9,II,parity,2,2,0.0,0.0,0.0,0.0,1.0,
9,II,parity,4,4,0.0,0.0,0.02,0.05333333333333334,0.9333333333333333,
10,II,parity,2,2,0.0,0.0,0.0,0.0,1.0,
10,II,parity,4,4,0.0,0.0,0.0,0.0,1.0,
11,II,parity,2,2,0.0,0.0,0.0,0.023333333333333334,0.97,
11,II,parity,4,4,0.0,0.02,0.03333333333333333,0.10666666666666667,0.8733333333333333,
12,II,parity,2,2,0.0,0.0,0.0,0.0,1.0,
12,II,parity,4,4,0.0,0.0,0.0,0.0,1.0,
13,II,parity,2,2,0.0,0.0,0.0,0.0,1.0,
13,II,parity,4,4,0.0,0.0,0.0,0.0,1.0,
14,II,parity,2,2,0.07666666666666666,0.01,0.016666666666666666,0.03,0.95,0.6086956521739131
14,II,parity,4,4,0.12666666666666668,0.006666666666666667,0.006666666666666667,0.006666666666666667,0.96,0.9473684210526315
15,II,parity,2,2,0.0,0.0,0.0,0.0,1.0,
15,II,parity,4,4,0.0,0.0,0.0,0.0,1.0,
19,II,parity,2,2,0.0,0.0,0.0,0.0,1.0,
19,II,parity,4,4,0.0,0.0,0.0,0.0,1.0,
23,II,parity,2,2,0.0,0.0,0.0,0.0,1.0,
23,II,parity,4,4,0.0,0.0,0.0,0.0,1.0,
24,II,parity,2,2,0.0,0.0,0.0,0.01,0.98,
24,II,parity,4,4,0.0,0.0,0.013333333333333334,0.02666666666666667,0.92,
25,II,parity,2,2,0.15181904761904763,0.00014326647564469913,0.0035344827586206895,0.005235350624399616,0.9845725264169068,0.9655158512287837
25,II,parity,4,4,0.3004952380952381,0.050229885057471266,0.057572254335260115,0.07782945736434109,0.8415116279069768,0.740996037548941
26,II,parity,2,2,0.2899809523809524,0.31918815663801337,0.31833333333333336,0.3925264169068204,0.807492795389049,-0.35362827690541704
26,II,parity,4,4,0.12666666666666668,0.16666666666666666,0.21329479768786128,0.3333333333333333,0.5766666666666667,-1.6315789473684206
27,II,parity,2,2,0.375,0.0,0.0,0.0033333333333333335,0.9950048030739673,0.991111111111111
27,II,parity,4,4,0.4299428571428571,0.0,0.020077071290944125,0.06666666666666667,0.8666666666666667,0.8449406344143187
28,II,parity,2,2,0.0,0.0,0.0,0.0,1.0,
28,II,parity,4,4,0.0,0.0,0.0,0.0,1.0,
29,II,parity,2,2,0.0,0.0,0.0,0.0,1.0,
29,II,parity,4,4,0.0,0.0,0.0,0.0,1.0,
33,II,parity,2,2,0.0,0.0,0.0,0.0,1.0,
33,II,parity,4,4,0.0,0.0,0.0,0.0,1.0,
34,II,parity,2,2,0.0,0.0,0.0033333333333333335,0.023333333333333334,0.9733333333333334,
34,II,parity,4,4,0.0,0.0,0.0,0.02,0.9733333333333334,
35,II,parity,2,2,0.18833333333333332,0.0,0.0,0.0016714697406340058,0.996657060518732,0.9911249394302619
35,II,parity,4,4,0.3435047619047619,0.0,0.0,0.05333333333333334,0.8633333333333333,0.8447377176444494
36,II,parity,2,2,0.0,0.0,0.0,0.0,1.0,
36,II,parity,4,4,0.0,0.0,0.0,0.0,1.0,
37,II,parity,2,2,0.0,0.0,0.0,0.0,1.0,
37,II,parity,4,4,0.0,0.0,0.0,0.0,1.0,
38,II,parity,2,2,0.0,0.0,0.0,0.0,1.0,
38,II,parity,4,4,0.0,0.0,0.0,0.04666666666666667,0.9333333333333333,
41,II,parity,2,2,0.05275238095238095,0.0347468958930277,0.02907088122605364,0.025658021133525458,0.9998078770413065,0.5136139702075875
41,II,parity,4,4,0.1620952380952381,0.11578544061302681,0.11267822736030829,0.16271317829457366,0.9098449612403101,-0.0038122045199902306
42,II,parity,2,2,0.0,0.0,0.0,0.0,1.0,
42,II,parity,4,4,0.0,0.0,0.03333333333333333,0.03333333333333333,0.9466666666666667,
43,II,parity,2,2,0.09,0.0,0.03333333333333333,0.06333333333333334,0.91,0.2962962962962962
43,II,parity,4,4,0.08,0.0,0.006666666666666667,0.006666666666666667,0.9666666666666667,0.9166666666666666
44,II,parity,2,2,0.0,0.0,0.0,0.0,1.0,
44,II,parity,4,4,0.0,0.0,0.0,0.0,1.0,
46,II,parity,2,2,0.0,0.0,0.0,0.0,1.0,
46,II,parity,4,4,0.0,0.0,0.0,0.04,0.9266666666666666,
50,II,parity,2,2,0.0,0.0,0.0,0.0,1.0,
50,II,parity,4,4,0.0,0.0,0.0,0.0,1.0,
51,II,parity,2,2,0.0,0.0,0.0,0.0,1.0,
51,II,parity,4,4,0.0,0.0,0.0,0.0,1.0,
56,II,parity,2,2,0.0,0.0,0.0,0.01,0.98,
56,II,parity,4,4,0.0,0.0,0.0,0.006666666666666667,0.9666666666666667,
57,II,parity,2,2,0.0,0.0,0.0,0.0,0.9966666666666667,
57,II,parity,4,4,0.0,0.006666666666666667,0.006666666666666667,0.013333333333333334,0.98,
58,II,parity,2,2,0.0,0.0,0.0,0.0,1.0,
58,II,parity,4,4,0.0,0.0,0.0,0.0,0.9933333333333333,
62,II,parity,2,2,0.09732380952380952,0.03386819484240688,0.018869731800766284,0.013823246878001922,0.985552353506244,0.8579664426861531
62,II,parity,4,4,0.19805714285714285,0.1782758620689655,0.10805394990366089,0.1134108527131783,0.8366279069767442,0.4273831729715464
72,II,parity,2,2,0.0,0.0,0.0,0.0,1.0,
72,II,parity,4,4,0.0,0.0,0.0,0.0,1.0,
73,II,parity,2,2,0.2238857142857143,0.1462464183381089,0.07968390804597701,0.046695485110470704,0.981700288184438,0.7914316004509349
73,II,parity,4,4,0.29874285714285714,0.27988505747126435,0.2308285163776493,0.26488372093023255,0.8003488372093024,0.11333873062756894
74,II,parity,2,2,0.0,0.0,0.0,0.006666666666666667,0.99,
74,II,parity,4,4,0.0,0.0,0.0,0.0,1.0,
76,II,parity,2,2,0.0,0.0,0.0,0.0,1.0,
76,II,parity,4,4,0.0,0.0,0.0,0.0,1.0,
77,II,parity,2,2,0.0,0.0,0.0,0.0,1.0,
77,II,parity,4,4,0.0,0.0,0.0,0.0,1.0,
78,II,parity,2,2,0.0,0.0,0.0,0.0,1.0,
78,II,parity,4,4,0.0,0.0,0.0,0.0,1.0,
94,II,parity,2,2,0.05335238095238095,0.007774594078319007,0.0033333333333333335,0.0033333333333333335,0.9966666666666667,0.9375223134594788
94,II,parity,4,4,0.06201904761904762,0.07555555555555556,0.022235067437379578,0.022248062015503875,0.9666666666666667,0.6412704988286384
104,II,parity,2,2,0.0,0.0,0.0,0.0,1.0,
104,II,parity,4,4,0.0,0.0,0.0,0.0,1.0,
108,II,parity,2,2,0.0,0.0,0.0,0.0,1.0,
108,II,parity,4,4,0.0,0.0,0.0,0.0,1.0,
130,II,parity,2,2,0.0,0.0,0.0,0.0033333333333333335,0.9766666666666667,
130,II,parity,4,4,0.0,0.0,0.0,0.006666666666666667,0.9866666666666667,
132,II,parity,2,2,0.0,0.0,0.0,0.0,1.0,
132,II,parity,4,4,0.0,0.0,0.0,0.0,1.0,
134,II,parity,2,2,0.0,0.0,0.0,0.01,0.9766666666666667,
134,II,parity,4,4,0.0,0.0,0.0,0.06666666666666667,0.9,
138,II,parity,2,2,0.0,0.0,0.0,0.0033333333333333335,0.9966666666666667,
138,II,parity,4,4,0.0,0.0,0.0,0.02,0.98,
140,II,parity,2,2,0.0,0.0,0.0,0.0,1.0,
140,II,parity,4,4,0.0,0.0,0.0,0.0,1.0,
142,II,parity,2,2,0.07666666666666666,0.01,0.016666666666666666,0.03,0.95,0.6086956521739131
142,II,parity,4,4,0.12,0.0,0.006666666666666667,0.006666666666666667,0.96,0.9444444444444444
152,II,parity,2,2,0.0,0.0,0.0,0.016666666666666666,0.98,
152,II,parity,4,4,0.0,0.0,0.02,0.03333333333333333,0.9133333333333333,
154,II,parity,2,2,0.2949904761904762,0.3025214899713467,0.3375,0.380806916426513,0.7608453410182516,-0.2909125790916208
154,II,parity,4,4,0.06666666666666667,0.08,0.1266281310211946,0.15666666666666668,0.8133333333333334,-1.35
156,II,parity,2,2,0.0,0.0,0.0,0.0,1.0,
156,II,parity,4,4,0.0,0.0,0.0,0.0,1.0,
162,II,parity,2,2,0.0,0.0,0.0,0.0033333333333333335,0.9966666666666667,
162,II,parity,4,4,0.0,0.0,0.0,0.0,1.0,
164,II,parity,2,2,0.0,0.0,0.0,0.0,1.0,
164,II,parity,4,4,0.0,0.0,0.0,0.0,1.0,
170,II,parity,2,2,0.0,0.0,0.0,0.0,1.0,
170,II,parity,4,4,0.0,0.0,0.0,0.0,1.0,
172,II,parity,2,2,0.0,0.0,0.0,0.0,1.0,
172,II,parity,4,4,0.0,0.0,0.0,0.0,1.0,
178,II,parity,2,2,0.0,0.0,0.0,0.0,1.0,
178,II,parity,4,4,0.0,0.0,0.0,0.0,1.0,
184,II,parity,2,2,0.006666666666666667,0.01,0.013333333333333334,0.016666666666666666,0.98,-1.4999999999999998
184,II,parity,4,4,0.013333333333333334,0.006666666666666667,0.02,0.02666666666666667,0.9266666666666666,-1.0
200,II,parity,2,2,0.0,0.0,0.0,0.0,1.0,
200,II,parity,4,4,0.0,0.0,0.0,0.0,1.0,
204,II,parity,2,2,0.0,0.0,0.0,0.0,1.0,
204,II,parity,4,4,0.0,0.0,0.0,0.0,1.0,
232,II,parity,2,2,0.0,0.0,0.0,0.0,1.0,
232,II,parity,4,4,0.0,0.0,0.0,0.0,1.0,
18,III,parity,2,2,0.015714285714285715,0.012521489971346705,0.009022988505747126,0.007377521613832853,0.999731027857829,0.5305213518470002
18,III,parity,4,4,0.04068571428571428,0.04084291187739464,0.04269749518304432,0.046511627906976744,0.9733333333333334,-0.1431931016461981
22,III,parity,2,2,0.1323904761904762,0.1236007640878701,0.12072796934865901,0.11469740634005764,0.9998270893371758,0.13364307131098113
22,III,parity,4,4,0.3630857142857143,0.3632950191570881,0.3676300578034682,0.39573643410852716,0.996937984496124,-0.08992565264388183
30,III,parity,2,2,0.3739142857142857,0.3740210124164279,0.3746264367816092,0.3757444764649376,0.9999807877041307,-0.00489467993220875
30,III,parity,4,4,0.4588952380952381,0.46448275862068966,0.47252408477842006,0.4862403100775194,0.9997286821705427,-0.059588920764974636
45,III,parity,2,2,0.37501904761904764,0.3755969436485196,0.37312260536398467,0.3757636887608069,0.999971181556196,-0.0019856088550352347
45,III,parity,4,4,0.4376761904761905,0.4391187739463602,0.44165703275529866,0.46813953488372095,0.9990697674418605,-0.06960247111999952
60,III,parity,2,2,0.0,0.0,0.0,0.0,1.0,
60,III,parity,4,4,0.0,0.0,0.0,0.0,1.0,
90,III,parity,2,2,0.0,0.0,0.0,0.0,1.0,
90,III,parity,4,4,0.0,0.0,0.0,0.0,1.0,
105,III,parity,2,2,0.0,0.0,0.0,0.0,1.0,
105,III,parity,4,4,0.0,0.0,0.0,0.0,1.0,
122,III,parity,2,2,0.02420952380952381,0.0223018147086915,0.020354406130268198,0.01936599423631124,0.9999807877041307,0.2000671145504799
122,III,parity,4,4,0.07177142857142857,0.06199233716475096,0.058728323699421964,0.05271317829457364,0.982015503875969,0.2655409075198736
126,III,parity,2,2,0.02555238095238095,0.023218720152817573,0.020545977011494253,0.018856868395773295,1.0,0.26203086785084007
126,III,parity,4,4,0.07672380952380953,0.06544061302681993,0.06065510597302505,0.0563953488372093,0.9825193798449613,0.2649563520472969
146,III,parity,2,2,0.01841904761904762,0.014995224450811844,0.010938697318007663,0.008770413064361191,0.9995869356388088,0.5238400352854575
146,III,parity,4,4,0.046247619047619044,0.04601532567049808,0.04978805394990366,0.056472868217054266,0.9673643410852714,-0.22109785065706308
150,III,parity,2,2,0.0,0.0,0.0,0.0,1.0,
150,III,parity,4,4,0.0,0.0,0.0,0.0,1.0,
54,IV,parity,2,2,0.11104761904761905,0.051833810888252146,0.029521072796934864,0.022036503362151776,0.9998559077809799,0.8015580743545508
54,IV,parity,4,4,0.11230476190476191,0.08432950191570882,0.08157996146435453,0.07887596899224807,0.9822868217054264,0.2976614022908712
106,IV,parity,2,2,0.3095047619047619,0.2615950334288443,0.24239463601532568,0.2396541786743516,0.9999903938520653,0.2256850033599939
106,IV,parity,4,4,0.38712380952380954,0.3884674329501916,0.39664739884393063,0.42844961240310075,0.9965891472868217,-0.10675086848862374
110,IV,parity,2,2,0.2693238095238095,0.06608404966571156,0.04085249042145594,0.02697406340057637,0.996954851104707,0.8998452329622505
110,IV,parity,4,4,0.34095238095238095,0.1357088122605364,0.11302504816955684,0.09848837209302326,0.9387209302325581,0.7111374561517475
