rule,class,projection,block,stride,e0,e1,e2,e3,e4,coverage_h4,repair_h4,raw_compression
0,I,majority,3,1,0.0,0.0,0.0,0.0,0.0,1.0,,0.002157894736842105
1,II,majority,3,1,0.135,0.0,0.0,0.0,0.0,1.0,1.0,0.008947368421052631
2,II,majority,3,1,0.0,0.0,0.0,0.0,0.0,1.0,,0.05
3,II,majority,3,1,0.23167272727272728,0.16172131147540983,0.10083029197080293,0.061654478976234,0.029166666666666667,0.9741666666666666,0.8741040129754617,0.11157894736842106
4,II,majority,3,1,0.0,0.0,0.0,0.0,0.0,0.995,,0.006105263157894737
5,II,majority,3,1,0.2725,0.0,0.0,0.0,0.0,1.0,1.0,0.009842105263157895
6,II,majority,3,1,0.17830909090909092,0.1475591985428051,0.12666970802919708,0.04836380255941499,0.0525,0.9925,0.7055674518201286,0.08310526315789474
7,II,majority,3,1,0.07331818181818182,0.06170309653916211,0.062472627737226276,0.06746800731261426,0.0033333333333333335,0.9933333333333333,0.9545360611696633,0.097
8,I,majority,3,1,0.0,0.0,0.0,0.0,0.0,1.0,,0.002157894736842105
9,II,majority,3,1,0.08749090909090909,0.08748633879781421,0.09168795620437956,0.016691042047531992,0.016666666666666666,1.0,0.8095040177334442,0.0891578947368421
10,II,majority,3,1,0.12336363636363637,0.0,0.0,0.0,0.0,1.0,1.0,0.06278947368421052
11,II,majority,3,1,0.2650181818181818,0.12666666666666668,0.0,0.007513711151736746,0.03,0.94,0.8868002195389681,0.09473684210526316
12,II,majority,3,1,0.0,0.0,0.0,0.0,0.0,1.0,,0.0064736842105263155
13,II,majority,3,1,0.0,0.0,0.0,0.0,0.0,1.0,,0.005947368421052632
14,II,majority,3,1,0.1017,0.08248633879781421,0.054187956204379564,0.056672760511883,0.06583333333333333,0.8683333333333334,0.35267125532612265,0.06447368421052632
15,II,majority,3,1,0.2833090909090909,0.290792349726776,0.027454379562043794,0.05579524680073126,0.0875,0.825,0.6911500449236299,0.11036842105263157
16,II,majority,3,1,0.0,0.0,0.0,0.0,0.0,1.0,,0.05221052631578947
17,II,majority,3,1,0.23170909090909092,0.15427140255009109,0.10670620437956205,0.053345521023765996,0.03166666666666667,0.9741666666666666,0.8633343795773174,0.11021052631578947
18,III,majority,3,1,0.13241818181818182,0.12466302367941712,0.11277372262773723,0.11051188299817184,0.1039010989010989,0.9998260073260073,0.21535624885892635,0.6523157894736842
19,II,majority,3,1,0.0,0.0,0.0,0.0,0.0,1.0,,0.009526315789473685
20,II,majority,3,1,0.1682909090909091,0.13750455373406192,0.13500912408759125,0.045018281535649,0.049166666666666664,0.9866666666666667,0.7078471622010948,0.08442105263157895
21,II,majority,3,1,0.06837272727272728,0.06166666666666667,0.05832116788321168,0.05915904936014625,0.0,1.0,1.0,0.09894736842105263
22,III,majority,3,1,0.2985090909090909,0.15101092896174864,0.1259124087591241,0.08191042047531992,0.06100732600732601,0.9999358974358974,0.7956265726396071,0.8819473684210526
23,II,majority,3,1,0.0,0.0,0.0,0.0,0.0,1.0,,0.008947368421052631
24,II,majority,3,1,0.0,0.0,0.0,0.0,0.0,1.0,,0.057105263157894735
25,II,majority,3,1,0.12453636363636364,0.019499089253187614,0.011961678832116789,0.011837294332723949,0.00013736263736263736,0.9997252747252747,0.9988970078027674,0.09073684210526316
26,II,majority,3,1,0.34014545454545453,0.2768670309653916,0.22119525547445257,0.16419561243144423,0.1366849816849817,0.853956043956044,0.5981572593182599,0.1013157894736842
27,II,majority,3,1,0.0716,0.05995446265938069,0.05667883211678832,0.05837294332723949,0.0,1.0,1.0,0.12142105263157894
28,II,majority,3,1,0.215,0.0,0.0,0.0,0.0,1.0,1.0,0.008526315789473684
29,II,majority,3,1,0.27,0.0,0.0,0.0,0.0,1.0,1.0,0.010105263157894737
30,III,majority,3,1,0.30886363636363634,0.26662112932604737,0.19796532846715328,0.1526234003656307,0.12519230769230769,0.999459706959707,0.5946680251316013,1.000842105263158
31,II,majority,3,1,0.06997272727272727,0.05914389799635701,0.05920620437956205,0.06255027422303473,0.0008333333333333334,0.9991666666666666,0.9880905980685115,0.09336842105263157
32,I,majority,3,1,0.0,0.0,0.0,0.0,0.0,1.0,,0.002157894736842105
33,II,majority,3,1,0.215,0.0,0.0,0.0,0.0,1.0,1.0,0.009263157894736843
34,II,majority,3,1,0.0783,0.07833333333333334,0.008330291970802919,0.0116636197440585,0.013333333333333334,0.9616666666666667,0.8297147722435079,0.061789473684210526
35,II,majority,3,1,0.14833636363636363,0.10172131147540983,0.07746350364963504,0.036663619744058504,0.03,0.9916666666666667,0.7977569406140834,0.11526315789473685
36,II,majority,3,1,0.0,0.0,0.0,0.0,0.0,1.0,,0.0054736842105263155
37,II,majority,3,1,0.13,0.0,0.0,0.0,0.0,1.0,1.0,0.008789473684210526
38,II,majority,3,1,0.21582727272727273,0.1732695810564663,0.1524543795620438,0.07583180987202925,0.07583333333333334,0.9533333333333334,0.6486387824157926,0.09105263157894737
39,II,majority,3,1,0.07332727272727273,0.05753187613843352,0.05081204379562044,0.05250457038391225,0.0,1.0,1.0,0.11926315789473685
40,I,majority,3,1,0.0,0.0,0.0,0.0,0.0,1.0,,0.002157894736842105
41,IV,majority,3,1,0.2752545454545455,0.11841530054644808,0.09886861313868613,0.04852833638025594,0.03807692307692308,0.9993406593406593,0.8616665057645307,0.135
42,II,majority,3,1,0.2933272727272727,0.22666666666666666,0.05331204379562044,0.08164533820840951,0.11,0.755,0.6249922519060311,0.07052631578947369
43,II,majority,3,1,0.13003636363636364,0.07333333333333333,0.06666970802919708,0.0616819012797075,0.06666666666666667,0.8183333333333334,0.48732289336316187,0.10105263157894737
44,II,majority,3,1,0.0,0.0,0.0,0.0,0.0,1.0,,0.006157894736842105
45,III,majority,3,1,0.4204090909090909,0.3357194899817851,0.21140510948905109,0.14044789762340038,0.09685897435897436,0.9996794871794872,0.7696078023681008,1.000842105263158
46,II,majority,3,1,0.2766727272727273,0.04666666666666667,0.0,0.0,0.0,0.995,1.0,0.062052631578947366
47,II,majority,3,1,0.22835454545454545,0.11,0.00333029197080292,0.019149908592321754,0.041666666666666664,0.9166666666666666,0.817535199118861,0.09615789473684211
48,II,majority,3,1,0.08499090909090909,0.085,0.00833941605839416,0.011654478976234004,0.011666666666666667,0.945,0.8627304168003708,0.061894736842105266
49,II,majority,3,1,0.14667272727272726,0.09833333333333333,0.0766514598540146,0.035045703839122484,0.03166666666666667,0.985,0.7840998305855129,0.115
50,II,majority,3,1,0.0,0.0,0.0,0.0,0.0,1.0,,0.008842105263157894
51,II,majority,3,1,0.0,0.0,0.0,0.0,0.0,1.0,,0.01063157894736842
52,II,majority,3,1,0.20912727272727272,0.16081967213114753,0.1450638686131387,0.06748628884826326,0.08166666666666667,0.96,0.6094882049498638,0.09163157894736843
53,II,majority,3,1,0.06831818181818182,0.06332422586520947,0.054972627737226276,0.05498171846435101,0.004166666666666667,0.9916666666666667,0.9390108671545797,0.11778947368421053
54,IV,majority,3,1,0.1420909090909091,0.11104735883424408,0.08764598540145985,0.01987202925045704,0.009551282051282051,0.9988369963369963,0.9327804846039011,0.7393157894736843
55,II,majority,3,1,0.0,0.0,0.0,0.0,0.0,1.0,,0.009263157894736843
56,II,majority,3,1,0.16,0.13166666666666665,0.0,0.0,0.0016666666666666668,0.9983333333333333,0.9895833333333333,0.06563157894736842
57,II,majority,3,1,0.033345454545454546,0.028333333333333332,0.0016697080291970803,0.0066727605118829985,0.006666666666666667,0.9716666666666667,0.8000727008360595,0.0648421052631579
58,II,majority,3,1,0.125,0.10833333333333334,0.0,0.0,0.0,1.0,1.0,0.06378947368421052
59,II,majority,3,1,0.14417272727272729,0.09329690346083788,0.08081204379562044,0.04670018281535649,0.043333333333333335,0.9758333333333333,0.6994346007524644,0.11747368421052631
60,III,majority,3,1,0.49877272727272726,0.3725318761384335,0.18422445255474454,0.10351919561243145,0.07146520146520147,1.0,0.8567179046537472,1.000842105263158
61,II,majority,3,1,0.10505454545454546,0.027531876138433515,0.017536496350364965,0.017522851919561242,6.41025641025641e-05,0.9998901098901098,0.9993898163680095,0.06663157894736842
62,II,majority,3,1,0.09180909090909091,0.1,0.04166970802919708,0.031672760511882996,0.023333333333333334,0.96,0.7458494240353831,0.011
63,II,majority,3,1,0.17499090909090909,0.12835154826958106,0.10077554744525548,0.0433363802559415,0.015,0.9858333333333333,0.9142812613642266,0.11347368421052631
64,I,majority,3,1,0.0,0.0,0.0,0.0,0.0,1.0,,0.002157894736842105
65,II,majority,3,1,0.08918181818181818,0.08920765027322404,0.08918795620437957,0.014177330895795247,0.014166666666666666,1.0,0.8411484879374789,0.09131578947368421
66,II,majority,3,1,0.0,0.0,0.0,0.0,0.0,1.0,,0.057578947368421056
67,II,majority,3,1,0.10662727272727272,0.017495446265938068,0.01167883211678832,0.0116636197440585,0.0,1.0,1.0,0.1031578947368421
68,II,majority,3,1,0.0,0.0,0.0,0.0,0.0,0.995,,0.006526315789473684
69,II,majority,3,1,0.0,0.0,0.0,0.0,0.0,1.0,,0.005894736842105263
70,II,majority,3,1,0.28,0.0,0.0,0.0,0.0,1.0,1.0,0.008105263157894737
71,II,majority,3,1,0.3125,0.0024954462659380694,0.0025,0.0024954296160877515,0.0025,0.995,0.992,0.009894736842105263
72,II,majority,3,1,0.0,0.0,0.0,0.0,0.0,1.0,,0.005736842105263158
73,II,majority,3,1,0.3829090909090909,0.19718579234972677,0.0666514598540146,0.03707495429616088,0.028104395604395604,0.9496245421245422,0.9266029554491093,0.2511578947368421
74,II,majority,3,1,0.15343636363636365,0.14833333333333334,0.0,0.0,0.0,1.0,1.0,0.09152631578947368
75,III,majority,3,1,0.41814545454545454,0.3393169398907104,0.21361313868613138,0.13731261425959781,0.09615384615384616,0.9994505494505495,0.7700468937098209,1.000842105263158
76,II,majority,3,1,0.0,0.0,0.0,0.0,0.0,1.0,,0.006789473684210527
77,II,majority,3,1,0.0,0.0,0.0,0.0,0.0,1.0,,0.006526315789473684
78,II,majority,3,1,0.0,0.0,0.0,0.0,0.0,1.0,,0.005842105263157895
79,II,majority,3,1,0.0,0.0,0.0,0.0,0.0,1.0,,0.005947368421052632
80,II,majority,3,1,0.11164545454545455,0.0,0.0,0.0,0.0,0.9933333333333333,1.0,0.06373684210526316
81,II,majority,3,1,0.21836363636363637,0.09,0.0,0.0016636197440585009,0.013333333333333334,0.9733333333333334,0.938939772411879,0.0948421052631579
82,II,majority,3,1,0.3221636363636364,0.2615027322404372,0.22182481751824817,0.158382084095064,0.14144688644688644,0.8676648351648352,0.5609470763260481,0.12826315789473683
83,II,majority,3,1,0.0667,0.05921675774134791,0.051715328467153286,0.058318098720292505,0.0,1.0,1.0,0.11936842105263158
84,II,majority,3,1,0.1250181818181818,0.0724863387978142,0.04833029197080292,0.05080438756855576,0.06166666666666667,0.8766666666666667,0.5067384138064766,0.05921052631578947
85,II,majority,3,1,0.2833909090909091,0.275,0.02750912408759124,0.05585923217550274,0.0875,0.825,0.6912392134218716,0.1098421052631579
86,III,majority,3,1,0.307,0.2663023679417122,0.19831204379562045,0.1547349177330896,0.12478021978021978,0.9994413919413919,0.5935497727028671,1.000842105263158
87,II,majority,3,1,0.06336363636363636,0.05918032786885246,0.059215328467153286,0.06584095063985375,0.0,1.0,1.0,0.09815789473684211
88,II,majority,3,1,0.1532,0.14833333333333334,0.0,0.0,0.0,1.0,1.0,0.09105263157894737
89,III,majority,3,1,0.4157909090909091,0.3332695810564663,0.21321167883211678,0.14071297989031079,0.09740842490842491,0.9996428571428572,0.7657273817712849,1.000842105263158
90,III,majority,3,1,0.4354636363636364,0.3407103825136612,0.25974452554744526,0.21121572212065814,0.19024725274725274,0.9922069597069597,0.5631156384585332,1.000842105263158
91,II,majority,3,1,0.1175,0.0,0.0,0.0,0.0,1.0,1.0,0.009
92,II,majority,3,1,0.0,0.0,0.0,0.0,0.0,1.0,,0.005947368421052632
93,II,majority,3,1,0.0,0.0,0.0,0.0,0.0,1.0,,0.006
94,II,majority,3,1,0.11995454545454545,0.06000910746812386,0.008330291970802919,0.01,0.01,0.99,0.9166350890488822,0.01231578947368421
95,II,majority,3,1,0.265,0.005009107468123861,0.005,0.005009140767824497,0.005,0.99,0.9811320754716981,0.009421052631578948
96,I,majority,3,1,0.0,0.0,0.0,0.0,0.0,1.0,,0.002157894736842105
97,IV,majority,3,1,0.28205454545454545,0.11564663023679417,0.09506386861313869,0.04846435100548446,0.03926739926739927,0.9983882783882784,0.8607808315795165,0.15168421052631578
98,II,majority,3,1,0.13328181818181817,0.11833333333333333,0.0,0.0016636197440585009,0.0016666666666666668,0.9966666666666667,0.9874951685878635,0.06589473684210527
99,II,majority,3,1,0.02669090909090909,0.02666666666666667,0.0,0.0016636197440585009,0.0016666666666666668,0.9966666666666667,0.9375567665758401,0.059526315789473684
100,II,majority,3,1,0.0,0.0,0.0,0.0,0.0,1.0,,0.006157894736842105
101,III,majority,3,1,0.4156909090909091,0.33960837887067397,0.2141058394160584,0.1399542961608775,0.0965934065934066,0.9997527472527472,0.7676316597717989,1.000842105263158
102,III,majority,3,1,0.5012090909090909,0.3754007285974499,0.1819890510948905,0.10444241316270567,0.07280219780219781,1.0,0.8547468529149193,1.000842105263158
103,II,majority,3,1,0.10334545454545455,0.025837887067395263,0.018357664233576643,0.018354661791590492,1.8315018315018315e-05,0.9999725274725275,0.9998227786756991,0.10773684210526316
104,II,majority,3,1,0.0,0.0,0.0,0.0,0.0,1.0,,0.00568421052631579
105,III,majority,3,1,0.3771818181818182,0.34647540983606556,0.27715328467153283,0.23090493601462522,0.20398351648351648,0.993562271062271,0.4591904841362542,1.000842105263158
106,IV,majority,3,1,0.3126181818181818,0.28799635701275045,0.17150547445255473,0.10728519195612432,0.08378205128205128,0.9996336996336996,0.7319987890826555,1.000842105263158
107,IV,majority,3,1,0.28565454545454544,0.11506375227686703,0.0939507299270073,0.05023765996343693,0.044157509157509156,0.998562271062271,0.8454163959224108,0.13147368421052633
108,II,majority,3,1,0.085,0.0,0.0,0.0,0.0,1.0,1.0,0.009736842105263158
109,II,majority,3,1,0.3805090909090909,0.18788706739526412,0.08489051094890511,0.04127056672760512,0.04013736263736264,0.9219413919413919,0.8945166788486744,0.12526315789473685
110,IV,majority,3,1,0.21933636363636363,0.1304462659380692,0.09666058394160584,0.07414990859232176,0.015256410256410256,0.9916025641025641,0.9304428595264589,0.44294736842105265
111,II,majority,3,1,0.0842,0.08418943533697631,0.08420620437956204,0.026663619744058502,0.03333333333333333,0.9866666666666667,0.6041171813143309,0.09810526315789474
112,II,majority,3,1,0.305,0.24,0.04667883211678832,0.07831809872029251,0.10666666666666667,0.765,0.6502732240437158,0.07110526315789474
113,II,majority,3,1,0.09166363636363636,0.08333333333333333,0.08002737226277372,0.0866636197440585,0.09833333333333333,0.8166666666666667,-0.07276273595821343,0.09757894736842106
114,II,majority,3,1,0.125,0.10833333333333334,0.0,0.0,0.0,1.0,1.0,0.061052631578947365
115,II,majority,3,1,0.14837272727272727,0.1017304189435337,0.07916970802919708,0.044195612431444244,0.03833333333333333,0.9841666666666666,0.7416416477748504,0.11668421052631579
116,II,majority,3,1,0.26331818181818184,0.05,0.0,0.0,0.0,0.9916666666666667,1.0,0.062157894736842106
117,II,majority,3,1,0.2550090909090909,0.10333333333333333,0.00333029197080292,0.013345521023765997,0.03,0.94,0.8823571352179957,0.095
118,II,majority,3,1,0.11262727272727273,0.0941712204007286,0.05604014598540146,0.0629981718464351,0.05119047619047619,0.8938003663003663,0.5454877406608781,0.015736842105263157
119,II,majority,3,1,0.17667272727272726,0.12591985428051003,0.09998175182481751,0.044981718464351006,0.018333333333333333,0.9858333333333333,0.8962299749579774,0.11147368421052632
120,IV,majority,3,1,0.3048363636363636,0.28210382513661203,0.17215328467153285,0.10760511882998172,0.08529304029304029,0.9992307692307693,0.7202005716260755,0.996578947368421
121,IV,majority,3,1,0.26093636363636363,0.1251912568306011,0.11008211678832117,0.056910420475319926,0.0468956043956044,0.9963919413919414,0.8202795358144973,0.1415263157894737
122,III,majority,3,1,0.4896090909090909,0.14632058287795993,0.00927919708029197,0.0026782449725776965,0.0015842490842490843,0.9995879120879121,0.9967642572132239,0.7085789473684211
123,II,majority,3,1,0.235,0.015009107468123862,0.015,0.015009140767824497,0.015,0.97,0.9361702127659574,0.009052631578947368
124,IV,majority,3,1,0.234,0.14975409836065573,0.10389598540145985,0.07823583180987202,0.017793040293040293,0.9956776556776556,0.9239613662690586,0.4263157894736842
125,II,majority,3,1,0.08165454545454545,0.08165755919854281,0.0816514598540146,0.022504570383912247,0.0225,1.0,0.7244488977955912,0.09989473684210526
126,III,majority,3,1,0.48813636363636365,0.14716757741347905,0.008978102189781022,0.0022851919561243145,0.001098901098901099,0.9999358974358974,0.9977487825518369,0.7287368421052631
127,II,majority,3,1,0.1225,0.0,0.0,0.0,0.0,1.0,1.0,0.008684210526315789
128,I,majority,3,1,0.0,0.0,0.0,0.0,0.0,1.0,,0.002157894736842105
129,III,majority,3,1,0.48813636363636365,0.14716757741347905,0.008978102189781022,0.0022851919561243145,0.0011446886446886447,0.9999358974358974,0.99765498182483,0.7284736842105263
130,II,majority,3,1,0.0,0.0,0.0,0.0,0.0,1.0,,0.05636842105263158
131,II,majority,3,1,0.07466363636363636,0.056429872495446266,0.014963503649635036,0.020840950639853747,0.02009157509157509,0.9277106227106227,0.7309054839798782,0.09826315789473684
132,II,majority,3,1,0.0,0.0,0.0,0.0,0.0,0.995,,0.006421052631578947
133,II,majority,3,1,0.12914545454545454,0.05000910746812386,0.01332116788321168,0.011672760511882999,0.011666666666666667,0.96,0.9096625838847435,0.013210526315789473
134,II,majority,3,1,0.20167272727272728,0.12084699453551913,0.10334854014598541,0.038345521023766,0.03833333333333333,1.0,0.8099230676764034,0.087
135,III,majority,3,1,0.30678181818181816,0.2671766848816029,0.19775547445255476,0.15324497257769654,0.12495421245421245,0.9990384615384615,0.5926935527184445,1.000842105263158
136,I,majority,3,1,0.0,0.0,0.0,0.0,0.0,1.0,,0.002157894736842105
137,IV,majority,3,1,0.24457272727272727,0.1548816029143898,0.10242700729927007,0.07282449725776965,0.017646520146520146,0.9894505494505494,0.9278475554355567,0.4728421052631579
138,II,majority,3,1,0.17003636363636362,0.08833333333333333,0.0016605839416058395,0.0183363802559415,0.04666666666666667,0.9033333333333333,0.7255489021956087,0.06868421052631579
139,II,majority,3,1,0.28335454545454547,0.04,0.0,0.0066636197440585005,0.01,0.9733333333333334,0.9647085244954923,0.0668421052631579
140,II,majority,3,1,0.0,0.0,0.0,0.0,0.0,1.0,,0.0064736842105263155
141,II,majority,3,1,0.0,0.0,0.0,0.0,0.0,1.0,,0.005947368421052632
142,II,majority,3,1,0.09330909090909091,0.07833333333333334,0.07000912408759125,0.056672760511883,0.06583333333333333,0.8683333333333334,0.294459599896077,0.06505263157894736
143,II,majority,3,1,0.10085454545454546,0.08668488160291439,0.05916058394160584,0.056672760511883,0.06583333333333333,0.8683333333333334,0.34724475692566564,0.06526315789473684
144,II,majority,3,1,0.0,0.0,0.0,0.0,0.0,1.0,,0.05568421052631579
145,II,majority,3,1,0.058963636363636364,0.03581967213114754,0.01966240875912409,0.017595978062157222,0.013324175824175824,0.9697527472527473,0.7740272370244617,0.03936842105263158
146,III,majority,3,1,0.1320818181818182,0.12501821493624773,0.11296532846715328,0.11011882998171846,0.10328754578754579,0.9997802197802198,0.21800330121618583,0.6928421052631579
147,IV,majority,3,1,0.1626,0.13112021857923498,0.09947080291970803,0.026782449725776966,0.013635531135531136,0.9962637362637362,0.9161406449229327,0.6676842105263158
148,II,majority,3,1,0.1983090909090909,0.12422586520947176,0.09922445255474452,0.03420475319926874,0.034166666666666665,0.9975,0.8277100333119404,0.08694736842105263
149,III,majority,3,1,0.3079818181818182,0.2665846994535519,0.19877737226277373,0.1517001828153565,0.12522893772893773,0.9995604395604396,0.5933885368031422,1.000842105263158
150,III,majority,3,1,0.3771818181818182,0.34647540983606556,0.2779197080291971,0.23135283363802558,0.20456959706959707,0.9934065934065934,0.45763664310302055,1.000842105263158
151,III,majority,3,1,0.29885454545454543,0.14876138433515482,0.1251551094890511,0.0826782449725777,0.06123626373626374,0.99992673992674,0.7950967630653705,0.8891052631578947
152,II,majority,3,1,0.0,0.0,0.0,0.0,0.0,1.0,,0.05605263157894737
153,III,majority,3,1,0.5012090909090909,0.3755191256830601,0.18188868613138687,0.1046526508226691,0.07284798534798535,1.0,0.8546554987343625,1.000842105263158
154,II,majority,3,1,0.42376363636363634,0.31610200364298724,0.26148722627737225,0.19060329067641682,0.2429120879120879,0.6292490842490843,0.4267745812346147,0.10905263157894737
155,II,majority,3,1,0.20426363636363637,0.16991803278688525,0.15991788321167882,0.09584095063985375,0.12166666666666667,0.9383333333333334,0.40436453187354426,0.10110526315789474
156,II,majority,3,1,0.225,0.0,0.0,0.0,0.0,1.0,1.0,0.008368421052631579
157,II,majority,3,1,0.22,0.0,0.0,0.0,0.0,1.0,1.0,0.008473684210526316
158,II,majority,3,1,0.19169090909090908,0.13573770491803278,0.10493613138686131,0.036681901279707496,0.03833333333333333,0.9966666666666667,0.8000252932435423,0.09926315789473684
159,II,majority,3,1,0.16837272727272729,0.1416848816029144,0.13497262773722626,0.047522851919561244,0.050833333333333335,0.9925,0.6980904558789122,0.09673684210526316
160,I,majority,3,1,0.0,0.0,0.0,0.0,0.0,1.0,,0.002157894736842105
161,III,majority,3,1,0.48704545454545456,0.1490710382513661,0.010547445255474453,0.0025776965265082268,0.0012912087912087913,0.9998992673992674,0.997348894689072,0.7305263157894737
162,II,majority,3,1,0.15331818181818183,0.12833333333333333,0.0,0.0033363802559414992,0.006666666666666667,0.9766666666666667,0.9565174424350233,0.06494736842105263
163,II,majority,3,1,0.1049909090909091,0.08833333333333333,0.0,0.0,0.0,1.0,1.0,0.06815789473684211
164,II,majority,3,1,0.0,0.0,0.0,0.0,0.0,1.0,,0.005789473684210527
165,III,majority,3,1,0.4354636363636364,0.3407103825136612,0.2596624087591241,0.21148994515539304,0.19036630036630037,0.9922069597069597,0.5628422571492654,1.000842105263158
166,II,majority,3,1,0.43083636363636363,0.3086247723132969,0.26389598540145986,0.19251371115173674,0.24396520146520145,0.6788553113553113,0.4337404591244902,0.11
167,II,majority,3,1,0.3400818181818182,0.2639617486338798,0.2158759124087591,0.16691956124314442,0.18607142857142858,0.8376007326007326,0.4528627564795332,0.10831578947368421
168,I,majority,3,1,0.0,0.0,0.0,0.0,0.0,1.0,,0.002157894736842105
169,IV,majority,3,1,0.31268181818181817,0.2850910746812386,0.17267335766423358,0.10729433272394881,0.08370879120879121,0.9995054945054945,0.732287628057362,1.0003157894736843
170,II,majority,3,1,0.2833909090909091,0.2816666666666667,0.048321167883211676,0.08836380255941499,0.135,0.6699999999999999,0.5236262149937445,0.07652631578947368
171,II,majority,3,1,0.30007272727272727,0.245,0.048321167883211676,0.0783546617915905,0.11166666666666666,0.755,0.6278679915979964,0.07552631578947368
172,II,majority,3,1,0.0,0.0,0.0,0.0,0.0,1.0,,0.0060526315789473685
173,II,majority,3,1,0.15996363636363636,0.15,0.0,0.0,0.0,1.0,1.0,0.10068421052631579
174,II,majority,3,1,0.1900090909090909,0.1,0.01,0.021654478976234005,0.043333333333333335,0.9216666666666666,0.7719407364878873,0.07247368421052632
175,II,majority,3,1,0.11164545454545455,0.0,0.0,0.0033363802559414992,0.006666666666666667,0.9933333333333333,0.9402871644545775,0.0698421052631579
176,II,majority,3,1,0.17334545454545455,0.13666666666666666,0.0,0.0,0.008333333333333333,0.9916666666666667,0.9519264387105797,0.06468421052631579
177,II,majority,3,1,0.11168181818181819,0.09666666666666666,0.0,0.0,0.0,1.0,1.0,0.0571578947368421
178,II,majority,3,1,0.0,0.0,0.0,0.0,0.0,1.0,,0.008842105263157894
179,II,majority,3,1,0.0,0.0,0.0,0.0,0.0,1.0,,0.008842105263157894
180,II,majority,3,1,0.43065454545454546,0.28561020036429874,0.26047445255474455,0.20885740402193784,0.2418040293040293,0.6727472527472527,0.4385197326808405,0.1386842105263158
181,II,majority,3,1,0.3346,0.2834153005464481,0.21025547445255474,0.17636197440585008,0.18804029304029304,0.8605128205128205,0.438014665151545,0.10805263157894737
182,III,majority,3,1,0.13105454545454545,0.1225591985428051,0.110757299270073,0.10861974405850092,0.10273809523809524,0.9998809523809524,0.21606614343850744,0.6895789473684211
183,III,majority,3,1,0.12973636363636365,0.12172131147540984,0.10993613138686131,0.1076416819012797,0.10163003663003663,1.0,0.21664185906355352,0.714842105263158
184,II,majority,3,1,0.04335454545454545,0.055,0.02,0.026654478976234002,0.03166666666666667,0.9299999999999999,0.2695883134130145,0.061157894736842106
185,II,majority,3,1,0.1299909090909091,0.115,0.0,0.0,0.0,1.0,1.0,0.06836842105263158
186,II,majority,3,1,0.17499090909090909,0.145,0.0,0.0,0.0,1.0,1.0,0.06868421052631579
187,II,majority,3,1,0.08504545454545455,0.09333333333333334,0.02499087591240876,0.035018281535648996,0.045,0.945,0.4708711918760022,0.06836842105263158
188,II,majority,3,1,0.0,0.0,0.0,0.0,0.0,1.0,,0.06526315789473684
189,II,majority,3,1,0.0,0.0,0.0,0.0,0.0,1.0,,0.06489473684210527
190,II,majority,3,1,0.0,0.0,0.0,0.0,0.0,1.0,,0.06336842105263157
191,II,majority,3,1,0.0,0.0,0.0,0.0,0.0,1.0,,0.06463157894736841
192,I,majority,3,1,0.0,0.0,0.0,0.0,0.0,1.0,,0.002157894736842105
193,IV,majority,3,1,0.20814545454545455,0.13234972677595627,0.08831204379562044,0.07054844606946983,0.008461538461538461,0.9983974358974359,0.9593479546309734,0.4313157894736842
194,II,majority,3,1,0.0,0.0,0.0,0.0,0.0,1.0,,0.05505263157894737
195,III,majority,3,1,0.49877272727272726,0.3725318761384335,0.18422445255474454,0.10361060329067642,0.07153846153846154,1.0,0.8565710239819416,1.000842105263158
196,II,majority,3,1,0.0,0.0,0.0,0.0,0.0,0.995,,0.006526315789473684
197,II,majority,3,1,0.0,0.0,0.0,0.0,0.0,1.0,,0.005947368421052632
198,II,majority,3,1,0.29,0.005,0.005,0.005,0.005,0.99,0.9827586206896551,0.008
199,II,majority,3,1,0.27,0.004990892531876139,0.005,0.004990859232175503,0.005,0.99,0.9814814814814815,0.008105263157894737
200,II,majority,3,1,0.0,0.0,0.0,0.0,0.0,1.0,,0.006842105263157895
201,II,majority,3,1,0.08,0.0,0.0,0.0,0.0,0.995,1.0,0.00968421052631579
202,II,majority,3,1,0.0,0.0,0.0,0.0,0.0,1.0,,0.005894736842105263
203,II,majority,3,1,0.0,0.0,0.0,0.0,0.0,1.0,,0.006157894736842105
204,II,majority,3,1,0.0,0.0,0.0,0.0,0.0,1.0,,0.007526315789473684
205,II,majority,3,1,0.0,0.0,0.0,0.0,0.0,1.0,,0.00731578947368421
206,II,majority,3,1,0.0,0.0,0.0,0.0,0.0,1.0,,0.006526315789473684
207,II,majority,3,1,0.0,0.0,0.0,0.0,0.0,1.0,,0.006526315789473684
208,II,majority,3,1,0.16,0.08833333333333333,0.005009124087591241,0.0183363802559415,0.043333333333333335,0.9333333333333333,0.7291666666666666,0.0698421052631579
209,II,majority,3,1,0.2833,0.04666666666666667,0.0,0.0,0.008333333333333333,0.9783333333333333,0.970584774679374,0.0678421052631579
210,II,majority,3,1,0.4257090909090909,0.30806010928961747,0.28460766423357664,0.20187385740402194,0.2556959706959707,0.6386263736263736,0.3993645516238836,0.11052631578947368
211,II,majority,3,1,0.21417272727272726,0.1824863387978142,0.15574817518248174,0.08911334552102376,0.11916666666666667,0.9441666666666667,0.4435955119770222,0.1028421052631579
212,II,majority,3,1,0.13338181818181818,0.07333333333333333,0.06249087591240876,0.052477148080438754,0.06166666666666667,0.8766666666666667,0.5376681206833878,0.06063157894736842
213,II,majority,3,1,0.12503636363636364,0.07581056466302367,0.048321167883211676,0.05080438756855576,0.06166666666666667,0.8766666666666667,0.5068101400804614,0.060263157894736845
214,II,majority,3,1,0.19336363636363638,0.1284153005464481,0.10918795620437956,0.037513711151736746,0.03833333333333333,1.0,0.8017552107820091,0.09873684210526316
215,II,majority,3,1,0.16669090909090908,0.13510018214936248,0.1316970802919708,0.04754113345521024,0.050833333333333335,0.9941666666666666,0.6950443571844095,0.09763157894736842
216,II,majority,3,1,0.0,0.0,0.0,0.0,0.0,1.0,,0.006105263157894737
217,II,majority,3,1,0.0,0.0,0.0,0.0,0.0,1.0,,0.006263157894736842
218,II,majority,3,1,0.0,0.0,0.0,0.0,0.0,1.0,,0.005631578947368421
219,II,majority,3,1,0.0,0.0,0.0,0.0,0.0,1.0,,0.005526315789473684
220,II,majority,3,1,0.0,0.0,0.0,0.0,0.0,1.0,,0.0064736842105263155
221,II,majority,3,1,0.0,0.0,0.0,0.0,0.0,1.0,,0.0064736842105263155
222,II,majority,3,1,0.0,0.0,0.0,0.0,0.0,1.0,,0.00631578947368421
223,II,majority,3,1,0.0,0.0,0.0,0.0,0.0,1.0,,0.006
224,I,majority,3,1,0.0,0.0,0.0,0.0,0.0,1.0,,0.002157894736842105
225,IV,majority,3,1,0.3101090909090909,0.28327868852459015,0.16855839416058394,0.10351005484460694,0.08256410256410257,0.9992490842490842,0.7337578775196035,0.9953684210526316
226,II,majority,3,1,0.036663636363636364,0.03833333333333333,0.01333029197080292,0.015,0.018333333333333333,0.965,0.49995867427060087,0.06752631578947368
227,II,majority,3,1,0.11665454545454546,0.10666666666666667,0.0,0.0,0.0016666666666666668,0.9983333333333333,0.9857128013300084,0.06715789473684211
228,II,majority,3,1,0.0,0.0,0.0,0.0,0.0,1.0,,0.0060526315789473685
229,II,majority,3,1,0.19665454545454544,0.18833333333333332,0.0,0.0,0.0,1.0,1.0,0.10136842105263158
230,II,majority,3,1,0.0,0.0,0.0,0.0,0.0,1.0,,0.06321052631578947
231,II,majority,3,1,0.0,0.0,0.0,0.0,0.0,1.0,,0.06352631578947368
232,II,majority,3,1,0.0,0.0,0.0,0.0,0.0,1.0,,0.006526315789473684
233,II,majority,3,1,0.0,0.0,0.0,0.0,0.0,1.0,,0.005526315789473684
234,I,majority,3,1,0.0,0.0,0.0,0.0,0.0,1.0,,0.004368421052631579
235,I,majority,3,1,0.0,0.0,0.0,0.0,0.0,1.0,,0.004368421052631579
236,II,majority,3,1,0.0,0.0,0.0,0.0,0.0,1.0,,0.007105263157894737
237,II,majority,3,1,0.0,0.0,0.0,0.0,0.0,1.0,,0.005842105263157895
238,I,majority,3,1,0.0,0.0,0.0,0.0,0.0,1.0,,0.004368421052631579
239,I,majority,3,1,0.0,0.0,0.0,0.0,0.0,1.0,,0.004368421052631579
240,II,majority,3,1,0.2833090909090909,0.295,0.05001824817518248,0.10661791590493601,0.16,0.6699999999999999,0.43524579643178024,0.07705263157894737
241,II,majority,3,1,0.32,0.22833333333333333,0.043375912408759126,0.0883729433272395,0.13,0.7633333333333333,0.59375,0.07594736842105264
242,II,majority,3,1,0.1766909090909091,0.13833333333333334,0.0,0.0,0.0016666666666666668,0.9966666666666667,0.9905673320985113,0.06852631578947369
243,II,majority,3,1,0.07834545454545455,0.07833333333333334,0.01332116788321168,0.019981718464351005,0.02666666666666667,0.9616666666666667,0.6596271370000774,0.068
244,II,majority,3,1,0.17326363636363637,0.095,0.0,0.0016636197440585009,0.013333333333333334,0.9633333333333334,0.9230459800269339,0.0726842105263158
245,II,majority,3,1,0.12330909090909091,0.0,0.0,0.0,0.0,1.0,1.0,0.0703157894736842
246,II,majority,3,1,0.0,0.0,0.0,0.0,0.0,1.0,,0.06331578947368421
247,II,majority,3,1,0.0,0.0,0.0,0.0,0.0,1.0,,0.06057894736842105
248,I,majority,3,1,0.0,0.0,0.0,0.0,0.0,1.0,,0.004368421052631579
249,I,majority,3,1,0.0,0.0,0.0,0.0,0.0,1.0,,0.004368421052631579
250,I,majority,3,1,0.0,0.0,0.0,0.0,0.0,1.0,,0.004368421052631579
251,I,majority,3,1,0.0,0.0,0.0,0.0,0.0,1.0,,0.004368421052631579
252,I,majority,3,1,0.0,0.0,0.0,0.0,0.0,1.0,,0.004368421052631579
253,I,majority,3,1,0.0,0.0,0.0,0.0,0.0,1.0,,0.004368421052631579
254,I,majority,3,1,0.0,0.0,0.0,0.0,0.0,1.0,,0.004368421052631579
255,I,majority,3,1,0.0,0.0,0.0,0.0,0.0,1.0,,0.004368421052631579
