rule_a,rule_b,regime,density,activity,baseline,autonomy_r1,autonomy_r2,autonomy_r3
214,240,commute,0.0,0.0,1.0,1.0,1.0,1.0
165,204,commute,0.0,0.0,1.0,1.0,1.0,1.0
100,170,commute,0.0,0.0,1.0,1.0,1.0,1.0
15,150,commute,0.0,0.0,1.0,1.0,1.0,1.0
160,240,commute,0.0,0.0,1.0,1.0,1.0,1.0
8,42,commute,0.0,0.0,1.0,1.0,1.0,1.0
240,243,commute,0.0,0.0,1.0,1.0,1.0,1.0
0,150,commute,0.0,0.0,1.0,1.0,1.0,1.0
131,255,commute,0.0,0.0,1.0,1.0,1.0,1.0
170,213,commute,0.0,0.0,1.0,1.0,1.0,1.0
0,22,commute,0.0,0.0,1.0,1.0,1.0,1.0
34,140,commute,0.0,0.0,1.0,1.0,1.0,1.0
166,240,commute,0.0,0.0,1.0,1.0,1.0,1.0
0,168,commute,0.0,0.0,1.0,1.0,1.0,1.0
85,142,commute,0.0,0.0,1.0,1.0,1.0,1.0
45,204,commute,0.0,0.0,1.0,1.0,1.0,1.0
120,204,commute,0.0,0.0,1.0,1.0,1.0,1.0
240,241,commute,0.0,0.0,1.0,1.0,1.0,1.0
211,255,commute,0.0,0.0,1.0,1.0,1.0,1.0
106,170,commute,0.0,0.0,1.0,1.0,1.0,1.0
170,183,commute,0.0,0.0,1.0,1.0,1.0,1.0
175,240,commute,0.0,0.0,1.0,1.0,1.0,1.0
85,170,commute,0.0,0.0,1.0,1.0,1.0,1.0
77,240,commute,0.0,0.0,1.0,1.0,1.0,1.0
70,240,commute,0.0,0.0,1.0,1.0,1.0,1.0
204,213,commute,0.0,0.0,1.0,1.0,1.0,1.0
0,198,commute,0.0,0.0,1.0,1.0,1.0,1.0
192,204,commute,0.0,0.0,1.0,1.0,1.0,1.0
161,204,commute,0.0,0.0,1.0,1.0,1.0,1.0
0,148,commute,0.0,0.0,1.0,1.0,1.0,1.0
230,240,commute,0.0,0.0,1.0,1.0,1.0,1.0
104,240,commute,0.0,0.0,1.0,1.0,1.0,1.0
0,248,commute,0.0,0.0,1.0,1.0,1.0,1.0
16,236,commute,0.0,0.0,1.0,1.0,1.0,1.0
32,240,commute,0.0,0.0,1.0,1.0,1.0,1.0
78,240,commute,0.0,0.0,1.0,1.0,1.0,1.0
4,232,commute,0.0,0.0,1.0,1.0,1.0,1.0
94,170,commute,0.0,0.0,1.0,1.0,1.0,1.0
187,255,commute,0.0,0.0,1.0,1.0,1.0,1.0
60,240,commute,0.0,0.0,1.0,1.0,1.0,1.0
202,204,commute,0.0,0.0,1.0,1.0,1.0,1.0
21,204,commute,0.0,0.0,1.0,1.0,1.0,1.0
43,170,commute,0.0,0.0,1.0,1.0,1.0,1.0
48,204,commute,0.0,0.0,1.0,1.0,1.0,1.0
165,240,commute,0.0,0.0,1.0,1.0,1.0,1.0
90,204,commute,0.0,0.0,1.0,1.0,1.0,1.0
0,176,commute,0.0,0.0,1.0,1.0,1.0,1.0
14,240,commute,0.0,0.0,1.0,1.0,1.0,1.0
77,85,commute,0.0,0.0,1.0,1.0,1.0,1.0
51,150,commute,0.0,0.0,1.0,1.0,1.0,1.0
32,170,commute,0.0,0.0,1.0,1.0,1.0,1.0
82,204,commute,0.0,0.0,1.0,1.0,1.0,1.0
197,240,commute,0.0,0.0,1.0,1.0,1.0,1.0
15,232,commute,0.0,0.0,1.0,1.0,1.0,1.0
84,204,commute,0.0,0.0,1.0,1.0,1.0,1.0
204,241,commute,0.0,0.0,1.0,1.0,1.0,1.0
113,240,commute,0.0,0.0,1.0,1.0,1.0,1.0
204,234,commute,0.0,0.0,1.0,1.0,1.0,1.0
45,240,commute,0.0,0.0,1.0,1.0,1.0,1.0
106,204,commute,0.0,0.0,1.0,1.0,1.0,1.0
0,222,commute,0.0,0.0,1.0,1.0,1.0,1.0
93,170,commute,0.0,0.0,1.0,1.0,1.0,1.0
32,64,commute,0.0,0.0,1.0,1.0,1.0,1.0
239,251,commute,0.0,0.0,1.0,1.0,1.0,1.0
43,240,commute,0.0,0.0,1.0,1.0,1.0,1.0
153,195,commute,0.0,0.0,1.0,1.0,1.0,1.0
170,172,commute,0.0,0.0,1.0,1.0,1.0,1.0
6,170,commute,0.0,0.0,1.0,1.0,1.0,1.0
156,204,commute,0.0,0.0,1.0,1.0,1.0,1.0
0,76,commute,0.0,0.0,1.0,1.0,1.0,1.0
170,222,commute,0.0,0.0,1.0,1.0,1.0,1.0
99,240,commute,0.0,0.0,1.0,1.0,1.0,1.0
197,204,commute,0.0,0.0,1.0,1.0,1.0,1.0
0,18,commute,0.0,0.0,1.0,1.0,1.0,1.0
204,216,commute,0.0,0.0,1.0,1.0,1.0,1.0
141,255,commute,0.0,0.0,1.0,1.0,1.0,1.0
0,234,commute,0.0,0.0,1.0,1.0,1.0,1.0
108,204,commute,0.0,0.0,1.0,1.0,1.0,1.0
200,255,commute,0.0,0.0,1.0,1.0,1.0,1.0
185,204,commute,0.0,0.0,1.0,1.0,1.0,1.0
0,252,commute,0.0,0.0,1.0,1.0,1.0,1.0
95,170,commute,0.0,0.0,1.0,1.0,1.0,1.0
171,239,commute,0.0,0.0,1.0,1.0,1.0,1.0
169,255,commute,0.0,0.0,1.0,1.0,1.0,1.0
134,204,commute,0.0,0.0,1.0,1.0,1.0,1.0
35,240,commute,0.0,0.0,1.0,1.0,1.0,1.0
240,245,commute,0.0,0.0,1.0,1.0,1.0,1.0
170,242,commute,0.0,0.0,1.0,1.0,1.0,1.0
163,170,commute,0.0,0.0,1.0,1.0,1.0,1.0
16,228,commute,0.0,0.0,1.0,1.0,1.0,1.0
92,204,commute,0.0,0.0,1.0,1.0,1.0,1.0
219,255,commute,0.0,0.0,1.0,1.0,1.0,1.0
0,102,commute,0.0,0.0,1.0,1.0,1.0,1.0
47,170,commute,0.0,0.0,1.0,1.0,1.0,1.0
196,240,commute,0.0,0.0,1.0,1.0,1.0,1.0
0,220,commute,0.0,0.0,1.0,1.0,1.0,1.0
103,240,commute,0.0,0.0,1.0,1.0,1.0,1.0
154,240,commute,0.0,0.0,1.0,1.0,1.0,1.0
240,251,commute,0.0,0.0,1.0,1.0,1.0,1.0
240,246,commute,0.0,0.0,1.0,1.0,1.0,1.0
111,204,commute,0.0,0.0,1.0,1.0,1.0,1.0
191,255,commute,0.0,0.0,1.0,1.0,1.0,1.0
173,240,commute,0.0,0.0,1.0,1.0,1.0,1.0
170,192,commute,0.0,0.0,1.0,1.0,1.0,1.0
117,204,commute,0.0,0.0,1.0,1.0,1.0,1.0
170,239,commute,0.0,0.0,1.0,1.0,1.0,1.0
138,204,commute,0.0,0.0,1.0,1.0,1.0,1.0
29,240,commute,0.0,0.0,1.0,1.0,1.0,1.0
0,190,commute,0.0,0.0,1.0,1.0,1.0,1.0
0,54,commute,0.0,0.0,1.0,1.0,1.0,1.0
167,240,commute,0.0,0.0,1.0,1.0,1.0,1.0
76,170,commute,0.0,0.0,1.0,1.0,1.0,1.0
170,228,commute,0.0,0.0,1.0,1.0,1.0,1.0
240,248,commute,0.0,0.0,1.0,1.0,1.0,1.0
109,240,commute,0.0,0.0,1.0,1.0,1.0,1.0
0,118,commute,0.0,0.0,1.0,1.0,1.0,1.0
232,251,commute,0.0,0.0,1.0,1.0,1.0,1.0
126,204,commute,0.0,0.0,1.0,1.0,1.0,1.0
26,204,commute,0.0,0.0,1.0,1.0,1.0,1.0
76,240,commute,0.0,0.0,1.0,1.0,1.0,1.0
46,86,crystalline,0.43,0.22,0.57,0.78,0.79,0.8575
63,105,crystalline,1.0,0.0,1.0,1.0,1.0,1.0
11,121,crystalline,0.6625,0.215,0.6625,0.8101,0.8277,0.8751
40,84,crystalline,0.245,0.0,0.755,1.0,1.0,1.0
120,139,crystalline,0.385,0.23,0.615,0.7775,0.8125,0.8924
45,215,crystalline,0.735,0.0,0.735,1.0,1.0,1.0
12,77,crystalline,0.115,0.0,0.885,1.0,1.0,1.0
190,248,crystalline,0.0,0.0,1.0,1.0,1.0,1.0
65,175,crystalline,0.675,0.0,0.675,1.0,1.0,1.0
7,186,crystalline,0.2075,0.115,0.7925,0.885,0.8949,0.9049
39,80,crystalline,0.64,0.0,0.64,1.0,1.0,1.0
67,159,crystalline,1.0,0.0,1.0,1.0,1.0,1.0
68,128,crystalline,0.0,0.0,1.0,1.0,1.0,1.0
157,185,crystalline,0.385,0.22,0.615,0.78,0.815,0.83
16,111,crystalline,1.0,0.0,1.0,1.0,1.0,1.0
32,225,crystalline,1.0,0.0,1.0,1.0,1.0,1.0
162,163,crystalline,0.2,0.23,0.8,0.93,1.0,1.0
5,39,crystalline,1.0,0.0,1.0,1.0,1.0,1.0
178,185,crystalline,0.32,0.26,0.68,0.7949,0.7949,0.8049
22,207,crystalline,1.0,0.0,1.0,1.0,1.0,1.0
193,202,crystalline,0.2617,0.05,0.7383,0.95,0.9583,0.9683
32,161,crystalline,1.0,0.0,1.0,1.0,1.0,1.0
186,229,crystalline,0.215,0.0,0.785,1.0,1.0,1.0
5,196,crystalline,0.215,0.31,0.785,0.9026,0.9225,0.945
50,250,crystalline,0.18,0.18,0.82,0.8775,0.9125,0.9175
171,245,crystalline,0.295,0.0,0.705,1.0,1.0,1.0
62,251,crystalline,1.0,0.0,1.0,1.0,1.0,1.0
70,96,crystalline,0.24,0.0,0.76,1.0,1.0,1.0
95,218,crystalline,0.495,0.22,0.505,0.8,0.805,0.8225
4,99,crystalline,1.0,0.0,1.0,1.0,1.0,1.0
192,196,crystalline,0.0,0.0,1.0,1.0,1.0,1.0
50,215,crystalline,1.0,0.0,1.0,1.0,1.0,1.0
141,217,crystalline,0.315,0.0,0.685,1.0,1.0,1.0
10,209,crystalline,0.415,0.0,0.585,1.0,1.0,1.0
216,234,crystalline,0.0,0.0,1.0,1.0,1.0,1.0
144,226,crystalline,0.125,0.0,0.875,1.0,1.0,1.0
78,86,crystalline,0.41,0.0,0.59,1.0,1.0,1.0
53,95,crystalline,1.0,0.0,1.0,1.0,1.0,1.0
208,224,crystalline,0.0,0.0,1.0,1.0,1.0,1.0
96,223,crystalline,1.0,0.0,1.0,1.0,1.0,1.0
17,187,crystalline,1.0,0.0,1.0,1.0,1.0,1.0
2,147,crystalline,1.0,0.0,1.0,1.0,1.0,1.0
25,127,crystalline,1.0,0.0,1.0,1.0,1.0,1.0
48,63,crystalline,1.0,0.0,1.0,1.0,1.0,1.0
11,157,crystalline,0.775,0.0,0.775,1.0,1.0,1.0
83,224,crystalline,0.13,0.1,0.87,0.9374,0.9424,0.9474
217,222,crystalline,0.2,0.0,0.8,1.0,1.0,1.0
24,34,crystalline,0.285,0.0,0.715,1.0,1.0,1.0
162,177,crystalline,0.11,0.0,0.89,1.0,1.0,1.0
66,215,crystalline,1.0,0.0,1.0,1.0,1.0,1.0
18,255,crystalline,1.0,0.0,1.0,1.0,1.0,1.0
8,116,crystalline,0.285,0.0,0.715,1.0,1.0,1.0
173,247,crystalline,0.21,0.0,0.79,1.0,1.0,1.0
164,196,crystalline,0.105,0.0,0.895,1.0,1.0,1.0
224,236,crystalline,0.0,0.0,1.0,1.0,1.0,1.0
71,81,crystalline,0.725,0.0,0.725,1.0,1.0,1.0
178,224,crystalline,0.23,0.0,0.77,1.0,1.0,1.0
63,101,crystalline,0.775,0.0,0.775,1.0,1.0,1.0
66,135,crystalline,0.81,0.0,0.81,1.0,1.0,1.0
80,139,crystalline,0.4,0.0,0.6,1.0,1.0,1.0
190,249,crystalline,0.0,0.0,1.0,1.0,1.0,1.0
236,243,crystalline,0.0,0.0,1.0,1.0,1.0,1.0
20,53,crystalline,1.0,0.0,1.0,1.0,1.0,1.0
24,255,crystalline,1.0,0.0,1.0,1.0,1.0,1.0
71,247,crystalline,1.0,0.0,1.0,1.0,1.0,1.0
1,117,crystalline,1.0,0.0,1.0,1.0,1.0,1.0
128,212,crystalline,0.0,0.0,1.0,1.0,1.0,1.0
95,107,crystalline,0.755,0.0,0.755,1.0,1.0,1.0
76,95,crystalline,0.745,0.0,0.745,1.0,1.0,1.0
8,23,crystalline,1.0,0.0,1.0,1.0,1.0,1.0
6,153,crystalline,0.66,0.06,0.66,0.94,0.97,0.9875
111,214,crystalline,0.53,0.18,0.53,0.82,0.8325,0.8775
1,193,crystalline,0.93,0.0,0.93,1.0,1.0,1.0
162,178,crystalline,0.23,0.0,0.77,1.0,1.0,1.0
68,230,crystalline,0.285,0.0,0.715,1.0,1.0,1.0
38,183,crystalline,0.9,0.0,0.9,1.0,1.0,1.0
31,96,crystalline,0.915,0.0,0.915,1.0,1.0,1.0
43,91,crystalline,1.0,0.0,1.0,1.0,1.0,1.0
132,168,crystalline,0.0,0.0,1.0,1.0,1.0,1.0
145,171,crystalline,0.3325,0.185,0.6675,0.815,0.8599,0.8925
19,109,crystalline,1.0,0.0,1.0,1.0,1.0,1.0
154,241,crystalline,0.1325,0.115,0.8675,0.9425,0.9775,0.9825
17,248,crystalline,0.095,0.08,0.905,0.9575,0.9575,0.9625
25,232,crystalline,0.3725,0.315,0.6275,0.7674,0.81,0.8475
12,63,crystalline,1.0,0.0,1.0,1.0,1.0,1.0
79,82,crystalline,0.72,0.0,0.72,1.0,1.0,1.0
54,126,crystalline,0.645,0.29,0.645,0.7924,0.87,0.9
48,227,crystalline,0.525,0.0,0.525,1.0,1.0,1.0
16,167,crystalline,1.0,0.0,1.0,1.0,1.0,1.0
50,147,crystalline,0.505,0.0,0.505,1.0,1.0,1.0
176,187,crystalline,0.09,0.0,0.91,1.0,1.0,1.0
5,242,crystalline,0.13,0.1,0.87,0.945,0.9525,0.9601
207,220,crystalline,0.25,0.0,0.75,1.0,1.0,1.0
12,84,crystalline,0.32,0.0,0.68,1.0,1.0,1.0
54,91,crystalline,0.68,0.0,0.68,1.0,1.0,1.0
51,223,crystalline,1.0,0.0,1.0,1.0,1.0,1.0
138,220,crystalline,0.265,0.0,0.735,1.0,1.0,1.0
4,140,crystalline,0.05,0.0,0.95,1.0,1.0,1.0
196,205,crystalline,0.07,0.0,0.93,1.0,1.0,1.0
81,113,crystalline,0.185,0.15,0.815,0.885,1.0,1.0
115,184,crystalline,0.395,0.0,0.605,1.0,1.0,1.0
115,155,crystalline,0.725,0.0,0.725,1.0,1.0,1.0
17,231,crystalline,1.0,0.0,1.0,1.0,1.0,1.0
83,151,crystalline,1.0,0.0,1.0,1.0,1.0,1.0
81,244,crystalline,0.315,0.0,0.685,1.0,1.0,1.0
193,206,crystalline,0.3325,0.045,0.6675,0.955,0.96,0.98
86,191,crystalline,1.0,0.0,1.0,1.0,1.0,1.0
35,179,crystalline,0.425,0.0,0.575,1.0,1.0,1.0
63,66,crystalline,1.0,0.0,1.0,1.0,1.0,1.0
29,160,crystalline,0.4025,0.165,0.5975,0.835,0.8623,0.8725
16,234,crystalline,0.105,0.0,0.895,1.0,1.0,1.0
191,227,crystalline,0.12,0.0,0.88,1.0,1.0,1.0
125,255,crystalline,1.0,0.0,1.0,1.0,1.0,1.0
205,251,crystalline,0.0,0.0,1.0,1.0,1.0,1.0
4,223,crystalline,1.0,0.0,1.0,1.0,1.0,1.0
52,112,crystalline,0.0,0.0,1.0,1.0,1.0,1.0
177,187,crystalline,0.34,0.0,0.66,1.0,1.0,1.0
83,159,crystalline,1.0,0.0,1.0,1.0,1.0,1.0
127,176,crystalline,0.295,0.19,0.705,0.81,0.8925,0.9575
55,91,crystalline,0.915,0.0,0.915,1.0,1.0,1.0
62,164,drain,0.2,0.0,0.8,1.0,1.0,1.0
1,110,drain,0.4937,0.5734,0.5063,0.6544,0.9199,0.942
136,182,drain,0.0,0.0,1.0,1.0,1.0,1.0
154,213,drain,0.315,0.36,0.685,1.0,1.0,1.0
169,234,drain,0.05,0.04,0.95,1.0,1.0,1.0
27,132,drain,0.3375,0.325,0.6625,0.7149,0.8098,0.8598
193,203,drain,0.27,0.0,0.73,1.0,1.0,1.0
86,101,drain,0.4979,0.4993,0.5021,0.5042,0.6882,0.6882
26,225,drain,0.4872,0.4942,0.5128,0.5287,0.5888,0.5895
226,248,drain,0.0,0.0,1.0,1.0,1.0,1.0
18,96,drain,0.13,0.0,0.87,1.0,1.0,1.0
188,249,drain,0.0,0.0,1.0,1.0,1.0,1.0
18,161,drain,0.4732,0.4382,0.5268,0.7007,0.7133,0.716
40,194,drain,0.0,0.0,1.0,1.0,1.0,1.0
127,133,drain,0.4966,0.5001,0.5034,0.5265,0.9793,0.9807
220,232,drain,0.0,0.0,1.0,1.0,1.0,1.0
115,124,drain,0.4939,0.5138,0.5061,0.7183,0.7183,0.7186
15,133,drain,0.5022,0.4984,0.5022,0.6552,0.9886,0.9886
108,139,drain,0.4534,0.4636,0.5466,0.9597,0.9898,0.9914
15,58,drain,0.335,0.33,0.665,1.0,1.0,1.0
32,156,drain,0.0,0.0,1.0,1.0,1.0,1.0
37,90,drain,0.4917,0.4969,0.5083,0.5083,0.9146,0.9146
168,254,drain,0.0,0.0,1.0,1.0,1.0,1.0
227,249,drain,0.0,0.0,1.0,1.0,1.0,1.0
32,38,drain,0.0,0.0,1.0,1.0,1.0,1.0
137,163,drain,0.4747,0.4761,0.5253,0.8924,0.8972,0.9207
14,254,drain,0.34,0.46,0.66,0.74,1.0,1.0
186,249,drain,0.0,0.0,1.0,1.0,1.0,1.0
63,161,drain,0.5019,0.5018,0.5019,0.6302,0.9796,0.9804
115,128,drain,0.5775,0.255,0.5775,0.7774,0.8301,0.8874
72,194,drain,0.0,0.0,1.0,1.0,1.0,1.0
104,106,drain,0.075,0.09,0.925,1.0,1.0,1.0
119,122,drain,0.4884,0.4743,0.5116,0.7194,0.7521,0.7531
134,218,drain,0.2104,0.1852,0.7896,0.893,0.9606,0.9819
20,86,drain,0.355,0.45,0.645,0.74,1.0,1.0
36,54,drain,0.0,0.0,1.0,1.0,1.0,1.0
13,126,drain,0.5566,0.494,0.5566,0.7454,0.8578,0.8967
128,229,drain,0.533,0.5032,0.533,0.6006,0.7701,0.7795
97,126,drain,0.5374,0.4833,0.5374,0.5512,0.6341,0.6418
104,164,drain,0.085,0.0,0.915,1.0,1.0,1.0
32,182,drain,0.0,0.0,1.0,1.0,1.0,1.0
34,126,drain,0.4,0.47,0.6,0.71,1.0,1.0
72,142,drain,0.16,0.19,0.84,1.0,1.0,1.0
132,198,drain,0.0,0.0,1.0,1.0,1.0,1.0
54,163,drain,0.5096,0.514,0.5096,0.6958,0.7766,0.8039
92,155,drain,0.5013,0.4807,0.5013,0.5771,0.5862,0.594
142,164,drain,0.0,0.0,1.0,1.0,1.0,1.0
6,232,drain,0.0,0.0,1.0,1.0,1.0,1.0
35,94,drain,0.6317,0.5232,0.6317,0.6431,0.9963,0.9969
30,104,drain,0.305,0.3099,0.695,0.8075,0.8775,0.9325
211,233,drain,0.0,0.0,1.0,1.0,1.0,1.0
124,205,drain,0.2488,0.335,0.7512,0.8262,0.8875,0.9101
50,153,drain,0.4829,0.4701,0.5171,0.6992,0.7075,0.7079
136,178,drain,0.0,0.0,1.0,1.0,1.0,1.0
217,251,drain,0.0,0.0,1.0,1.0,1.0,1.0
30,137,drain,0.5069,0.4988,0.5069,0.6717,0.6717,0.6722
216,236,drain,0.0,0.0,1.0,1.0,1.0,1.0
38,128,drain,0.0,0.0,1.0,1.0,1.0,1.0
193,249,drain,0.255,0.33,0.745,1.0,1.0,1.0
32,92,drain,0.0,0.0,1.0,1.0,1.0,1.0
144,223,drain,0.0,0.0,1.0,1.0,1.0,1.0
83,110,drain,0.4748,0.4336,0.5252,0.6198,0.6444,0.6766
1,118,drain,0.4731,0.504,0.5269,0.586,0.7758,0.7827
206,232,drain,0.0,0.0,1.0,1.0,1.0,1.0
182,234,drain,0.07,0.0,0.93,1.0,1.0,1.0
154,249,drain,0.24,0.0,0.76,1.0,1.0,1.0
60,147,drain,0.5376,0.4739,0.5376,0.77,0.77,0.77
38,52,drain,0.1483,0.2706,0.8517,0.8517,0.867,0.8774
20,222,drain,0.305,0.4,0.695,0.775,1.0,1.0
52,238,drain,0.245,0.38,0.755,1.0,1.0,1.0
56,195,drain,0.4684,0.4565,0.5316,0.5579,0.8551,0.857
226,236,drain,0.0,0.0,1.0,1.0,1.0,1.0
226,235,drain,0.0,0.0,1.0,1.0,1.0,1.0
58,66,drain,0.19,0.25,0.81,0.81,1.0,1.0
128,207,drain,0.37,0.29,0.63,1.0,1.0,1.0
8,26,drain,0.0,0.0,1.0,1.0,1.0,1.0
56,96,drain,0.0,0.0,1.0,1.0,1.0,1.0
217,232,drain,0.0,0.0,1.0,1.0,1.0,1.0
233,235,drain,0.0,0.0,1.0,1.0,1.0,1.0
36,74,drain,0.155,0.26,0.845,1.0,1.0,1.0
127,201,drain,0.0925,0.045,0.9075,0.96,0.9775,0.9825
164,180,drain,0.075,0.09,0.925,1.0,1.0,1.0
53,244,drain,0.065,0.0401,0.935,0.9701,0.9826,0.9826
121,211,drain,0.5211,0.4986,0.5211,0.7817,0.9155,0.9257
15,205,drain,0.0,0.0,1.0,1.0,1.0,1.0
155,219,drain,0.0,0.0,1.0,1.0,1.0,1.0
52,172,drain,0.39,0.0,0.61,1.0,1.0,1.0
219,235,drain,0.0,0.0,1.0,1.0,1.0,1.0
100,164,drain,0.23,0.0,0.77,1.0,1.0,1.0
184,202,drain,0.075,0.0,0.925,1.0,1.0,1.0
143,156,drain,0.58,0.0,0.58,1.0,1.0,1.0
5,198,drain,0.435,0.4825,0.565,0.5763,0.8499,0.8913
14,185,drain,0.3,0.2147,0.7,0.7976,0.825,0.8401
72,88,drain,0.0,0.0,1.0,1.0,1.0,1.0
213,218,drain,0.0,0.0,1.0,1.0,1.0,1.0
211,248,drain,0.07,0.08,0.93,1.0,1.0,1.0
104,180,drain,0.05,0.04,0.95,1.0,1.0,1.0
125,246,drain,0.4843,0.9177,0.5157,0.9923,0.9959,0.9985
129,245,drain,0.49,0.46,0.51,0.675,1.0,1.0
4,20,drain,0.0,0.0,1.0,1.0,1.0,1.0
34,118,drain,0.365,0.49,0.635,0.73,1.0,1.0
52,185,drain,0.5835,0.4994,0.5835,0.9987,0.9991,0.9994
17,108,drain,0.035,0.07,0.965,0.9649,0.9649,0.9649
166,231,drain,0.275,0.31,0.725,0.725,1.0,1.0
89,254,drain,0.435,0.26,0.565,0.74,0.7924,0.85
192,209,drain,0.22,0.38,0.78,0.79,1.0,1.0
121,189,drain,0.5568,0.4654,0.5568,0.6259,0.9322,0.9416
29,168,drain,0.3075,0.225,0.6925,0.8125,0.8674,0.8999
126,161,drain,0.5003,0.5049,0.5003,0.5049,0.9774,0.9774
40,104,drain,0.0,0.0,1.0,1.0,1.0,1.0
146,200,drain,0.0,0.0,1.0,1.0,1.0,1.0
13,129,drain,0.4958,0.4902,0.5042,0.5419,0.6966,0.6991
160,188,drain,0.0,0.0,1.0,1.0,1.0,1.0
208,219,drain,0.0,0.0,1.0,1.0,1.0,1.0
137,241,drain,0.29,0.3,0.71,1.0,1.0,1.0
81,169,drain,0.503,0.4874,0.503,0.5647,0.7128,0.7185
132,188,drain,0.155,0.15,0.845,0.8975,0.9675,0.9775
52,141,drain,0.5066,0.4772,0.5066,0.5826,0.5926,0.5987
158,236,drain,0.0,0.0,1.0,1.0,1.0,1.0
59,108,drain,0.5342,0.4845,0.5342,0.7167,0.7274,0.7515
31,227,noisy,0.4673,0.5028,0.5327,0.6035,0.6612,0.681
131,158,noisy,0.5189,0.5011,0.5189,0.5269,0.6055,0.6069
28,65,noisy,0.487,0.5024,0.513,0.6166,0.9396,0.9397
152,153,noisy,0.4956,0.4929,0.5044,0.5809,0.7121,0.7128
71,230,noisy,0.4982,0.463,0.5018,0.6242,0.6984,0.7251
137,229,noisy,0.5225,0.4939,0.5225,0.6707,0.6876,0.6895
103,133,noisy,0.5071,0.5318,0.5071,0.5778,0.6585,0.7391
61,177,noisy,0.4761,0.5056,0.5239,0.5808,0.6798,0.6807
123,145,noisy,0.4733,0.5126,0.5267,0.5608,0.6544,0.6571
182,227,noisy,0.3447,0.3484,0.6553,0.6552,0.9634,0.9634
62,230,noisy,0.454,0.5379,0.546,0.6639,0.8836,0.9037
132,173,noisy,0.524,0.4668,0.524,0.6407,0.6902,0.6927
182,225,noisy,0.4245,0.4018,0.5755,0.5982,0.8567,0.8567
69,100,noisy,0.4862,0.4995,0.5138,0.5679,0.5928,0.5962
86,218,noisy,0.5069,0.4782,0.5069,0.5258,0.6351,0.6353
87,121,noisy,0.4953,0.2495,0.5047,0.7858,0.8492,0.8934
97,101,noisy,0.5342,0.4872,0.5342,0.5442,0.6339,0.6363
72,147,noisy,0.5871,0.4937,0.5871,0.7423,0.7533,0.7688
177,203,noisy,0.4851,0.472,0.5149,0.5783,0.5888,0.5964
131,183,noisy,0.3904,0.5055,0.6096,0.6098,0.9785,0.9794
132,137,noisy,0.5318,0.5106,0.5318,0.5663,0.6566,0.658
5,104,noisy,0.5372,0.499,0.5372,0.5377,0.7362,0.744
99,132,noisy,0.5208,0.4759,0.5208,0.5599,0.644,0.6527
41,152,noisy,0.472,0.4954,0.528,0.5403,0.6284,0.6296
127,165,noisy,0.4983,0.4968,0.5017,0.5282,0.982,0.9826
82,132,noisy,0.4121,0.5003,0.5879,0.9724,0.9724,0.9724
169,182,noisy,0.4021,0.3792,0.5979,0.6208,0.8694,0.8694
66,118,noisy,0.5284,0.504,0.5284,0.5979,0.9271,0.9348
73,85,noisy,0.6531,0.3481,0.6531,0.6537,0.9779,0.9779
75,214,noisy,0.5032,0.4818,0.5032,0.5271,0.5724,0.5748
118,188,noisy,0.4714,0.5326,0.5286,0.5962,0.8683,0.8798
100,210,noisy,0.5285,0.4979,0.5285,0.7057,0.8017,0.8213
109,146,noisy,0.6004,0.4746,0.6004,0.6261,0.7306,0.749
62,169,noisy,0.4838,0.465,0.5162,0.6244,0.6376,0.6385
52,237,noisy,0.5723,0.5017,0.5723,0.749,0.7606,0.7724
26,172,noisy,0.4885,0.5045,0.5115,0.625,0.6391,0.6413
126,233,noisy,0.5702,0.4984,0.5702,0.5955,0.9836,0.9843
62,79,noisy,0.4918,0.497,0.5082,0.5131,0.6667,0.6717
210,225,noisy,0.4984,0.4986,0.5016,0.5037,0.595,0.5973
165,244,noisy,0.5027,0.5016,0.5027,0.6099,0.9724,0.9724
86,112,noisy,0.465,0.3408,0.535,0.8016,0.8151,0.8245
192,233,noisy,0.515,0.4761,0.515,0.7063,0.7368,0.7388
124,234,noisy,0.5008,0.4665,0.5008,0.6223,0.7854,0.7992
3,126,noisy,0.4967,0.5016,0.5033,0.6152,0.9823,0.9831
30,182,noisy,0.5117,0.4909,0.5117,0.5152,0.5916,0.5938
18,164,noisy,0.4301,0.4987,0.5699,0.7405,0.7537,0.7601
106,214,noisy,0.485,0.4679,0.515,0.5347,0.6061,0.6094
107,226,noisy,0.4362,0.3706,0.5638,0.6506,0.7519,0.8005
50,145,noisy,0.4834,0.4278,0.5166,0.6959,0.7056,0.7078
152,195,noisy,0.4982,0.5019,0.5018,0.7142,0.7142,0.716
57,90,noisy,0.4998,0.4994,0.5002,0.506,0.6349,0.6379
72,193,noisy,0.612,0.5019,0.612,0.6122,0.9752,0.9776
122,252,noisy,0.5019,0.4955,0.5019,0.6611,0.9824,0.9831
125,183,noisy,0.4583,0.4956,0.5417,0.7566,0.7736,0.7753
104,206,noisy,0.5067,0.5039,0.5067,0.6816,0.6911,0.6913
111,230,noisy,0.4423,0.4878,0.5577,0.5648,0.6918,0.7239
47,168,noisy,0.4632,0.1774,0.5368,0.8226,0.8264,0.8313
114,230,noisy,0.5003,0.5198,0.5003,0.5867,0.6598,0.6948
124,183,noisy,0.453,0.4976,0.547,0.7604,0.7724,0.7757
150,167,noisy,0.4941,0.5009,0.5059,0.5085,0.6489,0.6492
103,131,noisy,0.5066,0.5107,0.5066,0.6338,0.6576,0.6626
89,167,noisy,0.5111,0.4991,0.5111,0.5471,0.6299,0.6327
11,131,noisy,0.4818,0.4631,0.5182,0.7111,0.7192,0.7271
25,214,noisy,0.5303,0.4997,0.5303,0.5394,0.6251,0.6273
129,200,noisy,0.5028,0.4993,0.5028,0.9883,0.9883,0.9883
66,105,noisy,0.5624,0.4714,0.5624,0.6786,0.9212,0.9433
120,213,noisy,0.4394,0.3426,0.5606,0.7914,0.8099,0.8161
3,72,noisy,0.581,0.5017,0.581,0.6203,0.9781,0.9789
122,154,noisy,0.4879,0.5005,0.5121,0.5255,0.6367,0.6369
144,185,noisy,0.5129,0.5035,0.5129,0.6226,0.9585,0.9591
105,222,noisy,0.4868,0.4946,0.5132,0.6028,0.6857,0.6866
45,72,noisy,0.6108,0.3903,0.6108,0.6126,0.9786,0.9786
13,180,noisy,0.5308,0.3328,0.5308,0.6672,0.7891,0.8142
102,190,noisy,0.3875,0.2267,0.6125,0.808,0.9111,0.9623
149,167,noisy,0.4998,0.4776,0.5002,0.5319,0.5841,0.586
71,102,noisy,0.5081,0.4975,0.5081,0.5965,0.6736,0.6749
22,54,noisy,0.4902,0.4914,0.5098,0.6283,0.6896,0.6898
93,164,noisy,0.4942,0.4371,0.5058,0.5629,0.6044,0.6104
63,199,noisy,0.4976,0.4985,0.5024,0.5075,0.9783,0.9783
119,147,noisy,0.4833,0.4763,0.5167,0.7049,0.7351,0.7376
105,181,noisy,0.5001,0.4997,0.5001,0.5053,0.6165,0.6187
129,224,noisy,0.5037,0.5023,0.5037,0.621,0.9808,0.9808
103,202,noisy,0.497,0.4808,0.503,0.564,0.6322,0.6644
111,210,noisy,0.5364,0.3335,0.5364,0.679,0.8325,0.8531
150,169,noisy,0.4983,0.5005,0.5017,0.504,0.5675,0.5747
49,225,noisy,0.4912,0.5212,0.5088,0.6653,0.6668,0.6676
179,218,noisy,0.4216,0.4992,0.5784,0.7417,0.7538,0.7649
72,222,noisy,0.5244,0.44,0.5244,0.6924,0.7047,0.7073
123,214,noisy,0.4692,0.4853,0.5308,0.5378,0.6219,0.6286
107,153,noisy,0.5142,0.498,0.5142,0.5841,0.6584,0.6591
83,193,noisy,0.4821,0.4783,0.5179,0.8077,0.8318,0.8787
102,197,noisy,0.4921,0.4926,0.5079,0.6195,0.6736,0.6748
19,118,noisy,0.4993,0.4671,0.5007,0.6807,0.6871,0.6939
94,120,noisy,0.4939,0.4712,0.5061,0.5326,0.5901,0.5926
59,105,noisy,0.5077,0.5164,0.5077,0.5255,0.6703,0.671
114,117,noisy,0.614,0.4084,0.614,0.7291,0.7557,0.7753
83,180,noisy,0.5024,0.4373,0.5024,0.5699,0.6023,0.6076
99,182,noisy,0.5076,0.4844,0.5076,0.5705,0.6333,0.6446
182,212,noisy,0.4113,0.5023,0.5887,0.6219,0.9517,0.9559
78,210,noisy,0.5032,0.4626,0.5032,0.5694,0.6099,0.6174
86,133,noisy,0.5097,0.499,0.5097,0.5097,0.6818,0.6818
90,94,noisy,0.5102,0.4826,0.5102,0.6003,0.7674,0.7674
77,180,noisy,0.511,0.4806,0.511,0.6263,0.7789,0.7865
151,182,noisy,0.4702,0.5039,0.5298,0.5299,0.7318,0.7321
25,74,noisy,0.4911,0.4761,0.5089,0.5899,0.7226,0.7937
27,92,noisy,0.5041,0.4861,0.5041,0.6216,0.6269,0.6288
28,73,noisy,0.5004,0.4984,0.5004,0.6627,0.9916,0.9924
91,210,noisy,0.4941,0.4703,0.5059,0.5316,0.5768,0.5785
33,70,noisy,0.4819,0.499,0.5181,0.6241,0.9437,0.9453
37,40,noisy,0.5475,0.5023,0.5475,0.5584,0.7139,0.7201
37,78,noisy,0.4816,0.5028,0.5184,0.5782,0.6522,0.6544
47,237,noisy,0.5999,0.4981,0.5999,0.624,0.9756,0.9769
26,84,noisy,0.4864,0.4552,0.5136,0.5448,0.6212,0.6252
166,195,noisy,0.5009,0.4974,0.5009,0.6261,0.6294,0.6333
65,137,noisy,0.5121,0.4662,0.5121,0.5519,0.6796,0.7105
70,75,noisy,0.4951,0.5035,0.5049,0.8682,0.8682,0.8682
1,90,noisy,0.4957,0.5009,0.5043,0.5636,0.982,0.9843
30,133,noisy,0.5089,0.4946,0.5089,0.5107,0.6799,0.6799
109,115,noisy,0.6012,0.5018,0.6012,0.6334,0.9555,0.9566
105,162,noisy,0.4616,0.4995,0.5384,0.5589,0.7332,0.7336
120,191,structured,0.795,0.18,0.795,1.0,1.0,1.0
13,56,structured,0.29,0.16,0.71,1.0,1.0,1.0
66,235,structured,0.5544,0.4439,0.5544,0.7155,0.7432,0.7758
84,155,structured,0.705,0.48,0.705,1.0,1.0,1.0
119,128,structured,0.37,0.15,0.63,0.8648,0.875,0.8899
50,154,structured,0.3876,0.3352,0.6124,0.6764,0.7354,0.7665
130,140,structured,0.12,0.24,0.88,1.0,1.0,1.0
53,118,structured,0.5896,0.5313,0.5896,0.866,0.9399,0.9514
21,113,structured,0.555,0.42,0.555,1.0,1.0,1.0
48,52,structured,0.2,0.4,0.8,0.8,1.0,1.0
25,224,structured,0.375,0.14,0.625,0.92,0.92,0.9275
75,219,structured,0.6212,0.4025,0.6212,0.8925,0.9026,0.9413
138,246,structured,0.19,0.31,0.81,1.0,1.0,1.0
142,181,structured,0.552,0.5034,0.552,0.9764,0.9784,0.9795
88,231,structured,0.77,0.3,0.77,0.77,1.0,1.0
134,237,structured,0.4,0.41,0.6,1.0,1.0,1.0
63,160,structured,0.415,0.21,0.585,0.8123,0.8822,0.9174
159,189,structured,0.45,0.5,0.55,0.64,1.0,1.0
78,234,structured,0.42,0.05,0.58,0.96,0.9725,0.9725
113,167,structured,0.3963,0.2325,0.6037,0.7724,0.8288,0.8812
29,59,structured,0.44,0.46,0.56,1.0,1.0,1.0
7,192,structured,0.465,0.18,0.535,0.92,0.9275,0.93
42,207,structured,0.19,0.3,0.81,0.815,1.0,1.0
33,52,structured,0.655,0.36,0.655,1.0,1.0,1.0
112,184,structured,0.125,0.16,0.875,0.905,1.0,1.0
46,71,structured,0.49,0.5,0.51,0.615,1.0,1.0
14,177,structured,0.35,0.47,0.65,1.0,1.0,1.0
20,33,structured,0.585,0.36,0.585,1.0,1.0,1.0
93,246,structured,0.42,0.35,0.58,0.665,0.7775,0.8575
37,103,structured,0.5825,0.5401,0.5825,0.8775,0.9051,0.9225
9,130,structured,0.5,0.7659,0.5,0.9458,0.9762,0.988
132,159,structured,0.25,0.38,0.75,0.82,1.0,1.0
6,178,structured,0.45,0.35,0.55,1.0,1.0,1.0
48,79,structured,0.465,0.46,0.535,1.0,1.0,1.0
116,226,structured,0.4231,0.4651,0.5769,0.6543,0.6752,0.709
119,184,structured,0.16,0.26,0.84,0.8526,0.8824,0.91
142,239,structured,0.24,0.37,0.76,1.0,1.0,1.0
167,207,structured,0.4251,0.4589,0.5749,0.8155,0.821,0.8367
67,181,structured,0.715,0.48,0.715,0.715,1.0,1.0
43,187,structured,0.175,0.23,0.825,1.0,1.0,1.0
173,232,structured,0.2,0.21,0.8,1.0,1.0,1.0
114,232,structured,0.2925,0.3151,0.7075,0.8175,0.87,0.915
43,173,structured,0.57,0.3099,0.57,0.7224,0.7674,0.85
77,201,structured,0.3455,0.3559,0.6545,0.7005,0.7732,0.7989
65,177,structured,0.795,0.4,0.795,0.795,1.0,1.0
213,221,structured,0.245,0.49,0.755,1.0,1.0,1.0
114,246,structured,0.4075,0.39,0.5925,0.695,0.7399,0.8
57,234,structured,0.4,0.0,0.6,1.0,1.0,1.0
142,229,structured,0.3387,0.2725,0.6613,0.7537,0.8237,0.8525
60,209,structured,0.5524,0.4345,0.5524,0.7711,0.7711,0.7805
82,91,structured,0.765,0.38,0.765,1.0,1.0,1.0
174,184,structured,0.19,0.22,0.81,0.835,1.0,1.0
46,133,structured,0.56,0.48,0.56,0.67,1.0,1.0
41,219,structured,0.96,0.05,0.96,1.0,1.0,1.0
82,88,structured,0.4368,0.5044,0.5632,0.578,0.7388,0.7801
89,188,structured,0.485,0.4401,0.515,0.6075,0.7151,0.8226
81,131,structured,0.4916,0.1067,0.5084,0.8933,0.8966,0.9217
76,86,structured,0.37,0.0,0.63,1.0,1.0,1.0
108,147,structured,0.3576,0.5234,0.6424,0.6635,0.7299,0.7996
71,147,structured,0.5153,0.5901,0.5153,0.9997,0.9997,0.9998
221,226,structured,0.245,0.4,0.755,1.0,1.0,1.0
215,243,structured,0.345,0.55,0.655,0.72,1.0,1.0
130,242,structured,0.15,0.22,0.85,0.85,1.0,1.0
14,34,structured,0.27,0.51,0.73,0.835,1.0,1.0
40,62,structured,0.41,0.44,0.59,1.0,1.0,1.0
39,44,structured,0.535,0.5249,0.535,0.5799,0.8199,0.8824
38,178,structured,0.4802,0.495,0.5198,0.563,0.6328,0.6934
138,247,structured,0.14,0.23,0.86,1.0,1.0,1.0
114,210,structured,0.4225,0.39,0.5775,0.735,0.935,0.9738
115,224,structured,0.2,0.1451,0.8,0.8826,0.8926,0.9201
208,212,structured,0.325,0.2,0.675,0.875,1.0,1.0
147,190,structured,0.602,0.2464,0.602,0.7536,0.7994,0.8559
88,176,structured,0.145,0.24,0.855,0.86,1.0,1.0
151,187,structured,0.38,0.46,0.62,0.68,1.0,1.0
60,148,structured,0.4997,0.4976,0.5003,0.5369,0.7422,0.7453
59,74,structured,0.6118,0.4952,0.6118,0.7785,0.8206,0.8339
8,209,structured,0.645,0.28,0.645,1.0,1.0,1.0
157,171,structured,0.175,0.1101,0.825,0.895,0.9251,0.94
68,150,structured,0.48,0.45,0.52,1.0,1.0,1.0
94,253,structured,0.78,0.24,0.78,0.78,1.0,1.0
70,188,structured,0.5812,0.4374,0.5812,0.7756,0.8093,0.8172
77,186,structured,0.085,0.07,0.915,1.0,1.0,1.0
156,177,structured,0.53,0.3,0.53,1.0,1.0,1.0
8,71,structured,0.755,0.45,0.755,0.76,1.0,1.0
155,173,structured,0.315,0.4701,0.685,0.6849,0.8426,0.87
51,220,structured,0.235,0.47,0.765,0.8648,0.8849,0.8899
2,73,structured,0.635,0.3,0.635,1.0,1.0,1.0
43,189,structured,0.52,0.5045,0.52,0.6512,0.7055,0.7298
19,112,structured,0.55,0.31,0.55,1.0,1.0,1.0
82,83,structured,0.59,0.32,0.59,1.0,1.0,1.0
141,199,structured,0.47,0.57,0.53,0.665,1.0,1.0
111,119,structured,0.6975,0.215,0.6975,0.8549,0.9226,0.955
46,182,structured,0.56,0.45,0.56,0.77,1.0,1.0
5,194,structured,0.4174,0.4549,0.5826,0.6276,0.7523,0.8971
19,180,structured,0.185,0.245,0.815,0.88,0.9001,0.925
24,150,structured,0.3792,0.4296,0.6208,0.6728,0.9544,0.9668
20,130,structured,0.29,0.38,0.71,1.0,1.0,1.0
154,196,structured,0.1739,0.3051,0.8261,0.9138,0.9188,0.9344
87,186,structured,0.2475,0.195,0.7525,0.8125,0.8698,0.9024
45,151,structured,1.0,0.0,1.0,1.0,1.0,1.0
11,47,structured,0.255,0.42,0.745,0.745,1.0,1.0
119,249,structured,0.75,0.42,0.75,0.8,1.0,1.0
15,34,structured,0.47,0.49,0.53,1.0,1.0,1.0
12,66,structured,0.2,0.27,0.8,1.0,1.0,1.0
16,153,structured,0.63,0.37,0.63,1.0,1.0,1.0
154,247,structured,0.245,0.29,0.755,1.0,1.0,1.0
17,250,structured,0.39,0.17,0.61,0.85,0.9175,0.9276
49,198,structured,0.395,0.48,0.605,1.0,1.0,1.0
150,243,structured,0.415,0.51,0.585,0.64,1.0,1.0
90,125,structured,0.74,0.3,0.74,0.75,1.0,1.0
134,188,structured,0.4275,0.4499,0.5725,0.7625,0.8538,0.8838
197,231,structured,0.535,0.54,0.535,0.585,1.0,1.0
96,131,structured,0.66,0.39,0.66,1.0,1.0,1.0
78,172,structured,0.355,0.42,0.645,1.0,1.0,1.0
158,234,structured,0.215,0.27,0.785,1.0,1.0,1.0
95,142,structured,0.235,0.1851,0.765,0.8226,0.925,0.9375
47,182,structured,0.5,0.51,0.5,0.7,1.0,1.0
43,163,structured,0.485,0.53,0.515,0.865,1.0,1.0
47,156,structured,0.4739,0.5812,0.5261,0.7099,0.8915,0.9048
29,114,structured,0.48,0.32,0.52,1.0,1.0,1.0
