fine_rule,block_map,coarse_rule,trivial_target
0,1,255,True
8,1,255,True
15,1,240,False
51,1,204,False
64,1,255,True
85,1,170,False
170,1,170,False
186,1,128,False
187,1,0,True
188,1,192,False
189,1,0,True
190,1,128,False
191,1,0,True
204,1,204,False
206,1,136,False
207,1,0,True
219,1,0,True
220,1,192,False
221,1,0,True
222,1,128,False
223,1,0,True
230,1,136,False
231,1,0,True
236,1,204,False
238,1,136,False
239,1,0,True
240,1,240,False
242,1,128,False
243,1,0,True
246,1,128,False
247,1,0,True
250,1,128,False
251,1,0,True
252,1,192,False
253,1,0,True
254,1,128,False
255,1,0,True
0,2,0,True
8,2,0,True
12,2,204,False
15,2,240,False
34,2,170,False
38,2,34,False
42,2,170,False
46,2,34,False
51,2,204,False
64,2,0,True
85,2,170,False
140,2,204,False
170,2,170,False
174,2,34,False
204,2,204,False
208,2,48,False
209,2,48,False
211,2,48,False
220,2,204,False
221,2,204,False
239,2,0,True
240,2,240,False
241,2,240,False
243,2,240,False
253,2,0,True
255,2,0,True
0,3,255,True
5,3,200,False
8,3,255,True
10,3,187,False
15,3,240,False
51,3,204,False
60,3,195,False
64,3,255,True
80,3,243,False
85,3,170,False
90,3,165,False
95,3,236,False
102,3,153,False
105,3,150,False
150,3,150,False
153,3,102,False
160,3,254,False
165,3,90,False
170,3,170,False
175,3,34,False
195,3,60,False
204,3,204,False
239,3,0,True
240,3,240,False
245,3,48,False
250,3,128,False
253,3,0,True
255,3,0,True
0,4,0,True
8,4,0,True
15,4,240,False
48,4,240,False
51,4,204,False
52,4,48,False
64,4,0,True
68,4,204,False
85,4,170,False
112,4,240,False
116,4,48,False
138,4,34,False
139,4,34,False
155,4,34,False
170,4,170,False
171,4,170,False
187,4,170,False
196,4,204,False
204,4,204,False
206,4,204,False
207,4,204,False
239,4,0,True
240,4,240,False
244,4,48,False
253,4,0,True
255,4,0,True
0,5,255,True
5,5,200,False
8,5,255,True
10,5,187,False
15,5,240,False
51,5,204,False
60,5,195,False
64,5,255,True
80,5,243,False
85,5,170,False
90,5,165,False
95,5,236,False
102,5,153,False
105,5,150,False
150,5,150,False
153,5,102,False
160,5,254,False
165,5,90,False
170,5,170,False
175,5,34,False
195,5,60,False
204,5,204,False
239,5,0,True
240,5,240,False
245,5,48,False
250,5,128,False
253,5,0,True
255,5,0,True
0,6,0,True
8,6,0,True
15,6,240,False
51,6,204,False
60,6,60,False
64,6,0,True
85,6,170,False
90,6,90,False
102,6,102,False
105,6,150,False
150,6,150,False
153,6,102,False
165,6,90,False
170,6,170,False
195,6,60,False
204,6,204,False
239,6,0,True
240,6,240,False
253,6,0,True
255,6,0,True
0,7,255,True
2,7,255,True
4,7,255,True
8,7,255,True
12,7,255,True
15,7,240,False
16,7,255,True
24,7,255,True
32,7,255,True
34,7,255,True
36,7,255,True
48,7,255,True
51,7,204,False
64,7,255,True
66,7,255,True
68,7,255,True
85,7,170,False
128,7,254,False
130,7,254,False
132,7,254,False
136,7,238,False
140,7,238,False
144,7,254,False
152,7,238,False
160,7,254,False
162,7,254,False
170,7,170,False
176,7,254,False
192,7,252,False
194,7,252,False
196,7,252,False
200,7,204,False
204,7,204,False
239,7,0,True
240,7,240,False
253,7,0,True
255,7,0,True
0,8,0,True
2,8,0,True
4,8,0,True
8,8,0,True
12,8,0,True
15,8,240,False
16,8,0,True
24,8,0,True
32,8,0,True
34,8,0,True
36,8,0,True
48,8,0,True
51,8,204,False
64,8,0,True
66,8,0,True
68,8,0,True
85,8,170,False
128,8,128,False
130,8,128,False
132,8,128,False
136,8,136,False
140,8,136,False
144,8,128,False
152,8,136,False
160,8,128,False
162,8,128,False
170,8,170,False
176,8,128,False
192,8,192,False
194,8,192,False
196,8,192,False
200,8,204,False
204,8,204,False
239,8,255,True
240,8,240,False
253,8,255,True
255,8,255,True
0,9,255,True
8,9,255,True
15,9,240,False
51,9,204,False
60,9,195,False
64,9,255,True
85,9,170,False
90,9,165,False
102,9,153,False
105,9,150,False
150,9,150,False
153,9,153,False
165,9,165,False
170,9,170,False
195,9,195,False
204,9,204,False
239,9,255,True
240,9,240,False
253,9,255,True
255,9,255,True
0,10,0,True
5,10,236,False
8,10,0,True
10,10,34,False
15,10,240,False
51,10,204,False
60,10,60,False
64,10,0,True
80,10,48,False
85,10,170,False
90,10,90,False
95,10,200,False
102,10,102,False
105,10,150,False
150,10,150,False
153,10,153,False
160,10,128,False
165,10,165,False
170,10,170,False
175,10,187,False
195,10,195,False
204,10,204,False
239,10,255,True
240,10,240,False
245,10,243,False
250,10,254,False
253,10,255,True
255,10,255,True
0,11,255,True
8,11,255,True
15,11,240,False
48,11,240,False
51,11,204,False
52,11,243,False
64,11,255,True
68,11,204,False
85,11,170,False
112,11,240,False
116,11,243,False
138,11,187,False
139,11,187,False
155,11,187,False
170,11,170,False
171,11,170,False
187,11,170,False
196,11,204,False
204,11,204,False
206,11,204,False
207,11,204,False
239,11,255,True
240,11,240,False
244,11,243,False
253,11,255,True
255,11,255,True
0,12,0,True
5,12,236,False
8,12,0,True
10,12,34,False
15,12,240,False
51,12,204,False
60,12,60,False
64,12,0,True
80,12,48,False
85,12,170,False
90,12,90,False
95,12,200,False
102,12,102,False
105,12,150,False
150,12,150,False
153,12,153,False
160,12,128,False
165,12,165,False
170,12,170,False
175,12,187,False
195,12,195,False
204,12,204,False
239,12,255,True
240,12,240,False
245,12,243,False
250,12,254,False
253,12,255,True
255,12,255,True
0,13,255,True
8,13,255,True
12,13,204,False
15,13,240,False
34,13,170,False
38,13,187,False
42,13,170,False
46,13,187,False
51,13,204,False
64,13,255,True
85,13,170,False
140,13,204,False
170,13,170,False
174,13,187,False
204,13,204,False
208,13,243,False
209,13,243,False
211,13,243,False
220,13,204,False
221,13,204,False
239,13,255,True
240,13,240,False
241,13,240,False
243,13,240,False
253,13,255,True
255,13,255,True
0,14,0,True
8,14,0,True
15,14,240,False
51,14,204,False
64,14,0,True
85,14,170,False
170,14,170,False
186,14,254,False
187,14,255,True
188,14,252,False
189,14,255,True
190,14,254,False
191,14,255,True
204,14,204,False
206,14,238,False
207,14,255,True
219,14,255,True
220,14,252,False
221,14,255,True
222,14,254,False
223,14,255,True
230,14,238,False
231,14,255,True
236,14,204,False
238,14,238,False
239,14,255,True
240,14,240,False
242,14,254,False
243,14,255,True
246,14,254,False
247,14,255,True
250,14,254,False
251,14,255,True
252,14,252,False
253,14,255,True
254,14,254,False
255,14,255,True
