states,image,fixed,cycles,recurrent,max_period,max_transient,largest_basin,commutator_nonzero,graph_sha256,model,mode,encoding,width,rule_change_recurrent
65536,31450,2192,4592,15120,40,18,256,56720,8c4c6794de7c5d07349fb0cbb8457dfdc7e47e2d5ee43efddce5aefd56a0dbb4,ring,frozen,0,8,0
65536,29877,99,124,155,4,20,33694,64403,a2b51937d18412a2684c2c9b241ef83508eb627e2d42085851d4de10fb6e54f1,ring,mutual,0,8,56
65536,16844,1,5,14,4,26,50759,64161,e6d9b82af076053882b5be31c53f7e815865b996c5d19668c3929c427118ad45,ring,derivative,0,8,6
65536,31450,2192,4592,15120,40,18,256,56720,59b54afcceac8f9be2225342846ffbd0b07826f52a05c9860291eee230dadc65,ring,frozen,1,8,0
65536,29877,99,124,155,4,20,33694,64403,420f554685bf8c1a6df04feb54bf9437a4a5d0f411a84aff3fc1048574c42432,ring,mutual,1,8,56
65536,16844,1,5,14,4,26,50759,64161,27d0316dd201b33c7b88118d750b251c74a51c7a2fdc5fd120c95c7e3cc93f27,ring,derivative,1,8,6
65536,31450,2192,4592,15120,40,18,256,56720,9be507f48090b31163556cb2479b894d6c2af52390bfb7576b4ff84a3846a7c5,ring,frozen,2,8,0
65536,29877,99,124,155,4,20,33694,64403,039629f27b427185621fc628d87f8300d520b07bc5547d86712a61cef570c093,ring,mutual,2,8,56
65536,16844,1,5,14,4,26,50759,64161,fb2e58f4435bf732268f6e937022ff4cd147b015ec9d93e4cf2bfb99823114fa,ring,derivative,2,8,6
65536,31450,2192,4592,15120,40,18,256,56720,05493ea323189ec01f2b77391b4cd87ac003f703bc50c271ae1a3e5f516addf4,ring,frozen,3,8,0
65536,29877,99,124,155,4,20,33694,64403,0964ea67cbfed1433dd7696d869dd9a6e77ec9c6a73f473d7699cbb261057a5b,ring,mutual,3,8,56
65536,16844,1,5,14,4,26,50759,64161,87060766b296c38f9773d7e727911912429ee028a616652b5708c9563e4f53dc,ring,derivative,3,8,6
65536,31450,2192,4592,15120,40,18,256,56720,897f285833953aa70a69def8feddc83715fc2f7d3ff902960e123ee692998d4e,ring,frozen,4,8,0
65536,29877,99,124,155,4,20,33694,64403,bbb5b9ae8dd72c6df3fdd9824b9f23159077bc3e451bae74c56bafe291ab0e1f,ring,mutual,4,8,56
65536,16844,1,5,14,4,26,50759,64161,933440ee5f491f4c338175dc512dd8e9a5fb30ddaaa64fee77659613bc1198ab,ring,derivative,4,8,6
65536,31450,2192,4592,15120,40,18,256,56720,cc383f032abe3f0c0c288363881c079ea29f10e01ff994f1ad3e2b5b741eb532,ring,frozen,5,8,0
65536,29877,99,124,155,4,20,33694,64403,c355a681dad8b5376847b7dac756a128928d3231e6833b4520a94f0643773341,ring,mutual,5,8,56
65536,16844,1,5,14,4,26,50759,64161,d260bd5150cacfda45293dcc5f24010e7b2f7e0ecc13fe21d1c60b010bfeabea,ring,derivative,5,8,6
65536,31450,2192,4592,15120,40,18,256,56720,9bb51112a4801d0fe763da116cdffc4a1b30c71abddc6d933210b8fc7e089d87,ring,frozen,6,8,0
65536,29877,99,124,155,4,20,33694,64403,e433b1053fc915db355ca81d59b8d5c718f9eacac130d79aa4db556309182f3b,ring,mutual,6,8,56
65536,16844,1,5,14,4,26,50759,64161,e7f8255f29b60a275adba99a683f182e808b073ded40b92f66a28e3c9c67ee95,ring,derivative,6,8,6
65536,31450,2192,4592,15120,40,18,256,56720,d59bf312af0ac61dd3f881f51f9e3bd5c989080a285c142070f627ef7e6cb45b,ring,frozen,7,8,0
65536,29877,99,124,155,4,20,33694,64403,d909d939a1d432d32260f29476fc8a9f806de72a43ab6f1483dd7d7f109623d3,ring,mutual,7,8,56
65536,16844,1,5,14,4,26,50759,64161,3fd37e96a0180daf3f4817141cfd19fa262548720223b39d94d958b32d63f1d1,ring,derivative,7,8,6
65536,31450,2192,4592,15120,40,18,256,56720,e7f044a13c75f4a17568be3baad2042177521fd262e21b6d8c36df2fc02a4f16,ring,frozen,8,8,0
65536,29877,99,124,155,4,20,33694,64414,a57c97b4f96d5bf6d814844c1683b74c7f15526cdeada341c8926f149771cf81,ring,mutual,8,8,56
65536,16844,1,6,18,4,33,48121,64150,4692b9b4af5a31f386ff98d85ff7d7f95a27babb014c91c1c20a0837b5ce5252,ring,derivative,8,8,10
65536,31450,2192,4592,15120,40,18,256,56720,cfa81d8bcdddf0ee3d72c08928e01ee8e6b083cdf53055ff90906e7dc95dd9d4,ring,frozen,9,8,0
65536,29877,99,124,155,4,20,33694,64414,e4b266c6e63fd26909f822f09bc657473132238ebdaf7331776fdc80fa37fab6,ring,mutual,9,8,56
65536,16844,1,6,18,4,33,48121,64150,2b937a9856c17b522909c06a5cf7ea88456398f2c192addde0e882d082b4ab99,ring,derivative,9,8,10
65536,31450,2192,4592,15120,40,18,256,56720,6a90d946fb5e6832cf0bd1adec7fc5ebc982d3b9efbff0ff8d52d097d83b57b6,ring,frozen,10,8,0
65536,29877,99,124,155,4,20,33694,64414,f1ca91833e0c5ade226ced4428dbc2da5a485fa59a8de033f8a02cc279580fa5,ring,mutual,10,8,56
65536,16844,1,6,18,4,33,48121,64150,de81dc18afaa96049d9df69a4f264f85a0967399e556f7e3bf1ae0f0b3b0f334,ring,derivative,10,8,10
65536,31450,2192,4592,15120,40,18,256,56720,cd73b1055fef3d695cce0369d574446f01a260f6e2713af1ab9db40e9e898b41,ring,frozen,11,8,0
65536,29877,99,124,155,4,20,33694,64414,bbab4564e9e8911774634817e96df9c1ec25ddb479256cec91e58d7c6c6134bc,ring,mutual,11,8,56
65536,16844,1,6,18,4,33,48121,64150,7966b6894df9949e8366e10b348b9a3728b052845bd8538aa5b61f6e1a1144a1,ring,derivative,11,8,10
65536,31450,2192,4592,15120,40,18,256,56720,97d79cada3c65a1b6fdce9649b6880ffd09c4e2929ccccb44a52fad7fe3add73,ring,frozen,12,8,0
65536,29877,99,124,155,4,20,33694,64414,da1cc83745a44149dd7ba5f0b33052f2e6fb4f601d50a3a8b3efda0eeb68a8c7,ring,mutual,12,8,56
65536,16844,1,6,18,4,33,48121,64150,ef0f2c1ac8161317cc7b2cc921ff952c22f6033325887b0fbd827d9690fd2b4b,ring,derivative,12,8,10
65536,31450,2192,4592,15120,40,18,256,56720,cc81a4aceaa7e95b59abe72b66d4116152f23449a36cfd491ee326a0e8d30f38,ring,frozen,13,8,0
65536,29877,99,124,155,4,20,33694,64414,9aa92b756702375b9fb181bee6ce94d16749a8abfb2696a33cbb9dc67f7a774f,ring,mutual,13,8,56
65536,16844,1,6,18,4,33,48121,64150,8cb015766202d88f68f7cc71e0e7a933568bd2baddf0fcea99c10006d7611647,ring,derivative,13,8,10
65536,31450,2192,4592,15120,40,18,256,56720,516f7848f0d40e977380c4a73ad5dbb92757cb2327a61c2b0443f3990e289dc2,ring,frozen,14,8,0
65536,29877,99,124,155,4,20,33694,64414,c80c56c3a08fb1a444a33b8012ddfd13faf91401bea440870178da00f190961d,ring,mutual,14,8,56
65536,16844,1,6,18,4,33,48121,64150,2c2acc44d7b325e84f5c5944ed3e960bc126b6ae6423168cec38b5baf53295d7,ring,derivative,14,8,10
65536,31450,2192,4592,15120,40,18,256,56720,41f7aa77d00a8d55989b72f09893637b9af4297c96da16e9cb7448593b39fb8b,ring,frozen,15,8,0
65536,29877,99,124,155,4,20,33694,64414,e1c15a1cb9e519a7d5c2672efb65dd8dbe81cc501a57be5e34716b95a1872e04,ring,mutual,15,8,56
65536,16844,1,6,18,4,33,48121,64150,2e50fc6f06fe2dd3feed6cc984dd9e319b1b9a8dc6de266f4b2e1df8081b405a,ring,derivative,15,8,10
65536,31450,2192,4592,15120,40,18,256,56720,7d3ab0cf43b8f5611a615ff010599385ef51a849cde8c97b4e8152853644a862,ring,frozen,16,8,0
65536,28499,85,123,175,8,24,32948,64390,d40e4bb90d4c431ef9c8c6c0e9ed9e2ef837ebdd2337af2a02e5c907ba8402a1,ring,mutual,16,8,90
65536,16844,1,3,6,3,29,49691,64114,6a4e47e381f80a6be19dd5bb981760aab44b495238ca05da44f4451d30a06835,ring,derivative,16,8,2
65536,31450,2192,4592,15120,40,18,256,56720,aec080bb83f59287aa37c3050cbc13bef099b03c48b991b9e9f52d51e7770cad,ring,frozen,17,8,0
65536,29103,44,65,86,2,21,29906,64540,babf6e6ab6ca3792b01037a52db23fb0849641454fc4d694ab90660d2fc2800b,ring,mutual,17,8,34
65536,16844,1,5,10,3,23,51564,64225,ea1c89c8492f778cb554fb26bf12b29f0ac83e4cdfb0d868acae86932561c6f5,ring,derivative,17,8,2
65536,31450,2192,4592,15120,40,18,256,56720,33f403da5f7f370e1049d0eefb3abc0cce0c3d02ec936ac1b13cf94f32751116,ring,frozen,18,8,0
65536,28669,139,169,203,4,22,32576,64234,a9e3e6852fbe213e829b13a2ba3fb18536e25dd8d0f38235b3de56a00429e5b9,ring,mutual,18,8,62
65536,16844,1,4,8,3,42,51445,64080,b51b2d3cf6fc1d9d82f0f4b1a950916c41617331065dcf4a2bab6338c0d42386,ring,derivative,18,8,2
65536,31450,2192,4592,15120,40,18,256,56720,25bed81312860c60dd7a1390660105b8021f8955d72da4d6a915d17fd5f962a1,ring,frozen,19,8,0
65536,28207,134,182,250,8,31,29880,64289,2177fb10f04d80ccd5639b713eb85d0177cc76abf9df79e8174b1d6703733421,ring,mutual,19,8,113
65536,16844,1,4,8,3,25,52016,64019,bba1818b6ddebb2e8bc571d9085bdb13e1256b94da9529df02da1dcfa746761c,ring,derivative,19,8,2
65536,31450,2192,4592,15120,40,18,256,56720,7a201d54adc43aac00b12d403a7bfc2c63a48e8e3e6c0da13cb058b9e0ffa7d8,ring,frozen,20,8,0
65536,29969,52,71,92,4,30,28406,64527,470a5eb034d530b22960c256cf1517e0329a16e3605791c96a21508b881c265b,ring,mutual,20,8,39
65536,16844,1,6,14,4,36,44294,64059,8391c97078837a68d67a605f09e919b46a9ad26470ef630c03befa08f0f3dcad,ring,derivative,20,8,6
65536,31450,2192,4592,15120,40,18,256,56720,4e1b4b6c024558178bbb7ae3172bbe455bc774a9ad16f38dac15799dfd51e989,ring,frozen,21,8,0
65536,28227,88,147,220,6,31,28384,64337,2c792b62fdccbd13a6320d78c090b57e77ca4cd30056a6fb0cf490a39745bc3d,ring,mutual,21,8,127
65536,16844,1,5,15,4,29,47010,64278,ba809fc6a6155c0e80806ac2fe6664d86bf835aa1d86615f27cabaca970e5ac9,ring,derivative,21,8,9
65536,31450,2192,4592,15120,40,18,256,56720,af09c04796cd77a29c7184469b51f4444e58ff0c8eab1685b9abb2fbcd392cb5,ring,frozen,22,8,0
65536,29870,132,143,154,2,25,33446,64373,1cad4fe8f81431440c2d4c849b00822dcc9415d1c9e72f8e9d92417dad8fba18,ring,mutual,22,8,14
65536,16844,1,8,24,6,27,45477,64005,0cc4a3c32d3d47537b79ad0b9425cdb2d74f93e5fc8059b5cf23689cdbcde6b5,ring,derivative,22,8,12
65536,31450,2192,4592,15120,40,18,256,56720,b4fac6f9fe45200089e240403d03e68083d52e679192d0baef87a8b76dd13705,ring,frozen,23,8,0
65536,29555,108,124,145,4,26,32364,64373,bb2df7db6a80fc6c955872e800c8c4c46a8a48fd05c9ea8f7d7880ae318323aa,ring,mutual,23,8,35
65536,16844,1,7,18,4,27,48168,64066,862a772cbf0bf0032cb7614caa07b400e7b1a26011795f401a5ca88211d5efa2,ring,derivative,23,8,10
512,260,2,27,95,12,5,69,501,9e536ce128c9dca25e26f1a75a383efe40967633dacd98fb3be9776273390be2,selector2d,horizontal,0,3,
65536,29220,2,184,710,12,26,2860,65452,cbe40327b7ef8f7654952f28435a7eb88103c241c2039e2c9f7b413b6f8cfda8,selector2d,horizontal,0,4,
512,269,14,22,38,3,8,409,432,15eb626796fa8a2f78331b3f81fccefbef52480b671a2bc875965245e910694c,selector2d,vertical,0,3,
65536,21964,66,150,342,4,11,61081,63958,91c6ce7a3716ca389dd2b82b6570ad774a01ccfebfb258063f61cdb391b2be52,selector2d,vertical,0,4,
512,272,2,13,35,3,7,79,492,1a04c49d26e32fa250789898ce0b162c4a5fa6179d0f1d67cb483070c71a8896,selector2d,horizontal,1,3,
65536,23502,2,170,642,4,17,3108,65498,9d1c1a091589322e115ad4622d6c9a708b64f77083c7122870d8035b1417e956,selector2d,horizontal,1,4,
512,269,14,22,38,3,8,409,489,83198bf8802ed1d5203b63aecfb9af398fead66744532b34fb1aa996c9db3fd0,selector2d,vertical,1,3,
65536,21964,66,150,342,4,11,61081,65448,7b00595a608473d504559e7ec01da7f94bc55d519e1c1ddc8137407b6e98074d,selector2d,vertical,1,4,
512,233,2,23,65,3,5,115,477,ed70b8d27ec654207914c85c4034140daa008e33de463a70375685c08db422bb,selector2d,horizontal,2,3,
65536,25244,2,162,622,4,11,22329,65262,6fb4edfcea6f8bab62a5e9aec725990dbaa8d4456e11f0f6716b2342c20fd4be,selector2d,horizontal,2,4,
512,260,2,27,95,12,5,69,501,6129cfd61742498af0bd7efdd6ba5f942521b55478ee0fa471685f6bc63bbe99,selector2d,vertical,2,3,
65536,29220,2,184,710,12,26,2860,65452,7ff7f9bb7afc69ffc53df598235348fa94cc10417a26a76e44bb9eb6834aceee,selector2d,vertical,2,4,
512,233,2,23,65,3,5,115,477,ab8705635e561b8a7b22ab0b187ff03a50bb7fe9fff6369fca3491247231cd79,selector2d,horizontal,3,3,
65536,25244,2,162,622,4,11,22329,65460,40c2485ec899f83c99e7612ca2e1cf77137013945f830955848f20ed5b42b10f,selector2d,horizontal,3,4,
512,272,2,13,35,3,7,79,492,76c18d7fedd749eb1da35bc6082c373262ab0b5935217c172583b1a7a0505848,selector2d,vertical,3,3,
65536,23502,2,170,642,4,17,3108,65498,20ac3ecaf3cbae3da5228083f449dcd0fa2f2cbfba0d1eabe06af138ac05e933,selector2d,vertical,3,4,
512,272,2,13,35,3,7,79,486,6e47bc2af61f6bf509ac8e7259c5fde81b07c99df2035af3351aa13c513a8738,selector2d,horizontal,4,3,
65536,23502,2,170,642,4,17,3108,65364,7f8c9af8337f972a1d5fb7407f96fb331a5df53e5738404d517f214ead527567,selector2d,horizontal,4,4,
512,233,2,23,65,3,5,115,477,5888a5cafc4e3d344124ef62e60bdb36880bd25952b85ab608cdfd43ba207bc0,selector2d,vertical,4,3,
65536,25244,2,162,622,4,11,22329,65262,51baeca37285b14bc76f63eb409716c1ddd7276ee26c42e0612f1c3d91b2e34c,selector2d,vertical,4,4,
512,260,2,27,95,12,5,69,492,26609062c37a7c653762dc764b919797ab5ebab50212b27d0d5e859252e734ec,selector2d,horizontal,5,3,
65536,29220,2,184,710,12,26,2860,65410,08994117fa3b983c6eff809cb0647d9c5ae29050c6f60c9ac13fa518b4d1dcb7,selector2d,horizontal,5,4,
512,233,2,23,65,3,5,115,477,430ad6fdd198df3eae1749b864b3931d0dbf35399e128b897228fd41f0c909c1,selector2d,vertical,5,3,
65536,25244,2,162,622,4,11,22329,65460,1c3eafb33c337061356a965bb1be80bf34505783cd6bc7d98d2df96103466521,selector2d,vertical,5,4,
512,269,14,22,38,3,8,409,432,5bf1cf1eace10cf93189d7fb06cd76cb41e934222829f3af5e83b7f04ac67c39,selector2d,horizontal,6,3,
65536,21964,66,150,342,4,11,61081,63958,cbc625c3171ff8276072d9a6c5c5b6a6aad287343be9e46550136a51878adcbe,selector2d,horizontal,6,4,
512,272,2,13,35,3,7,79,486,6db0a97894a316ac15c4592fb7a2d94758a4114be4161ed6858e283af477649a,selector2d,vertical,6,3,
65536,23502,2,170,642,4,17,3108,65364,c8376cc56c9ee866466eaf8b0ddc035ce216d941b232c8e591c5c10fae8cd3ea,selector2d,vertical,6,4,
512,269,14,22,38,3,8,409,489,c4734b87c3e535f4ee70b3fbc2b257642c6903ed7efa2e50a9847e1ce72b861a,selector2d,horizontal,7,3,
65536,21964,66,150,342,4,11,61081,65448,440a56f1a5cdd4f89c3e8f362f8316782486f9d416d78b7e13f8f0103c2c3e68,selector2d,horizontal,7,4,
512,260,2,27,95,12,5,69,492,982b75b9ce30e5d79fcd0b4f2680faa3bce8ac4489a6349765fb55d4d7c0601f,selector2d,vertical,7,3,
65536,29220,2,184,710,12,26,2860,65410,ffb838d5b427be39731edd8711e667827b257537a1345bf51e83eabfb3a78424,selector2d,vertical,7,4,
512,272,2,13,35,3,7,79,486,36ce3d0f6532032f3f82f33a2573b08a3853ef2e5c137be1231d0fdd381ee506,selector2d,horizontal,8,3,
65536,23502,2,170,642,4,17,3108,65364,ee9afdb700e6ea0e51c77b043e9229701c1e2c759b5fe1d3b3282fe689baae77,selector2d,horizontal,8,4,
512,269,14,22,38,3,8,409,432,4e0fc1081217579984a91d271105de195b78cfea3ea3d722564089ed715144c6,selector2d,vertical,8,3,
65536,21964,66,150,342,4,11,61081,63958,7ec34165c8b7bb574063385c6191668e0c92053b2d91c565f8be194ee8c72f7c,selector2d,vertical,8,4,
512,233,2,23,65,3,5,115,477,242d37bb1908597376496eca4547a842f1ee5b450b57138ebbe5634a628e176f,selector2d,horizontal,9,3,
65536,25244,2,162,622,4,11,22329,65460,0a3524f05c93b92cf487af1d77a41ca03ae040c519efef42c76568387ba855ed,selector2d,horizontal,9,4,
512,260,2,27,95,12,5,69,492,6b52c06040f814e55372e18b49aa7eeb98f5e4b52780e682961a174860ef90ea,selector2d,vertical,9,3,
65536,29220,2,184,710,12,26,2860,65410,b56ff24246db1ae80ec7580ca95b207f6357829e2d87e58c78c2a6be6a04b3e6,selector2d,vertical,9,4,
512,233,2,23,65,3,5,115,477,ea14f6ddb27c176b9f36061c7da865d6e6ed4164f885d50e0f3e7e99fc636c6f,selector2d,horizontal,10,3,
65536,25244,2,162,622,4,11,22329,65262,ae26f8327f4edad629b4385cda9a28fc8e23447eadaa484be0748df6f8b118c3,selector2d,horizontal,10,4,
512,272,2,13,35,3,7,79,486,c5b878aafcee7eaf6ba860b3dc383da3c61b9aed254fd0868f222b8ecce3f5c8,selector2d,vertical,10,3,
65536,23502,2,170,642,4,17,3108,65364,6d40fee802947ff9193fb2fb85015bc46032a568ca969930e847b45e6817f9f8,selector2d,vertical,10,4,
512,272,2,13,35,3,7,79,492,6c4038b3a1ed4076431740a76b4bf11874e1b06b6eef84221ad697c97b321daf,selector2d,horizontal,11,3,
65536,23502,2,170,642,4,17,3108,65498,a781b89e4e3a8725616601652a78a7a088af94d16f65e8b9a281376408fdbb6d,selector2d,horizontal,11,4,
512,233,2,23,65,3,5,115,477,063f9182d98dd0ea95c800be70d4bac394ed3eb39fa01c69ddc12a8ab21491b4,selector2d,vertical,11,3,
65536,25244,2,162,622,4,11,22329,65460,3a019602015e3d80b2c9412b4b3f7eb1b6063b2db411beb13df3a117ce1cd630,selector2d,vertical,11,4,
512,260,2,27,95,12,5,69,501,83dd4999993027ac0a802701c144ae6e9542c7fcdcf71794ff4d82c58f9f8a88,selector2d,horizontal,12,3,
65536,29220,2,184,710,12,26,2860,65452,772d638562d8f0506ba00dc0d631cc9c728dbd2912f7de561779b4f967af6510,selector2d,horizontal,12,4,
512,233,2,23,65,3,5,115,477,148ad714541822c04613b128c1860aab8d8f4e918af68ac648b6ec6e58fba9df,selector2d,vertical,12,3,
65536,25244,2,162,622,4,11,22329,65262,2ebe2c9aa240855d3dd2040b633c3b59a78d9750268e856116dc174f57e24fba,selector2d,vertical,12,4,
512,269,14,22,38,3,8,409,489,e7d3bede9b30b0574c74e9fb7cf9e5f2f78aac537f07d1ea1e3f134a60e376ad,selector2d,horizontal,13,3,
65536,21964,66,150,342,4,11,61081,65448,10347b48253acae2fcedd58a3c80e4fd771b416ec906044d401e563623679d4c,selector2d,horizontal,13,4,
512,272,2,13,35,3,7,79,492,9b005d15d3530a3360b035c5b31b501b7522de9226be067a1c749cc6a615145d,selector2d,vertical,13,3,
65536,23502,2,170,642,4,17,3108,65498,2e73ffd6b2a85e28565713e9c23ed8576bf56c75ed4c59febc70966a11547f48,selector2d,vertical,13,4,
512,269,14,22,38,3,8,409,432,50d11ab12adb24a4bdce5b582340938f9eda70fc61aea10ecd5f69b6acc58d0e,selector2d,horizontal,14,3,
65536,21964,66,150,342,4,11,61081,63958,7fa52947eaac9e57265694a7481b8067deed80e3f3cd21246da7b89a76fa9f08,selector2d,horizontal,14,4,
512,260,2,27,95,12,5,69,501,aaa52389ebb38c5cd87fb2f7ae0f96046f2d5d83ffa67fb2a15d862182c7f2ae,selector2d,vertical,14,3,
65536,29220,2,184,710,12,26,2860,65452,a82b06126460ee6202e7ac5548a23c8de999a1e4de9988d9f3b829f91ba9bbe6,selector2d,vertical,14,4,
512,260,2,27,95,12,5,69,492,4b736418823b454891bd19031b23d89ad430564800f041387985faa81ed70384,selector2d,horizontal,15,3,
65536,29220,2,184,710,12,26,2860,65410,692b440f11bb033e0d32e223512c4891f2e2814e4a4d3085ce72d3d6acadeae8,selector2d,horizontal,15,4,
512,269,14,22,38,3,8,409,489,882fc1d27fac9240439a2802ddbc4371db25874e5b79a5dbef34128f29c265fd,selector2d,vertical,15,3,
65536,21964,66,150,342,4,11,61081,65448,1c9e7ea701e00aa57c86873c8ca237c8d5040238f02e611a244cf667e710b227,selector2d,vertical,15,4,
512,272,2,5,11,3,8,460,429,0b3b9af5f84eef15fc6f4a13d17083828cee00cd83278d8956f698341ff95f43,selector2d,horizontal,16,3,
65536,23926,10,107,384,12,12,51705,63208,58cd0a86f2b468f5a05aada9d0dbaaee04c626f31f1e539b53fae0ee2d338a56,selector2d,horizontal,16,4,
512,281,5,25,74,6,8,69,489,b8260415fef6c8c302dacf7e936ce9fd5e826e9b5d835d239a0222782871084a,selector2d,vertical,16,3,
65536,23762,6,228,860,12,15,2048,65330,a7c852f015dc8dd55bfb097f54391a97d1529db339300a07dbaab68d12ffbbe9,selector2d,vertical,16,4,
512,287,5,10,23,6,14,487,435,381352e14b6dee8b8d4cb09d611074d1832fdaff27ee94d4f7513a1136d02226,selector2d,horizontal,17,3,
65536,23520,6,45,138,8,19,62521,64158,f5607047c8f2364d1f59ae8daeeaa92f46681d77e5ae0e06bdf21a2dea1385c1,selector2d,horizontal,17,4,
512,287,2,29,113,9,6,90,495,3aa53273e0b36bfe408e5ebf0603a03135424524a951f898a6997d4bb515f93b,selector2d,vertical,17,3,
65536,24598,2,157,646,20,26,12580,65516,f9edc5d990a3f46fb5cc733ced9a5c63d3062bd2f8c8b321d1eaed34fe44a051,selector2d,vertical,17,4,
512,275,5,19,47,3,5,108,462,b302aa8325a840935242220d633b81837be542a5bfd4dd816d597822fe64d10f,selector2d,horizontal,18,3,
65536,20188,14,228,820,4,12,3624,65026,b7b1652b37596ec459d8f1584561a0632a566be653e12973de6d2159be8de801,selector2d,horizontal,18,4,
512,272,2,5,11,3,8,460,489,5f02936e552ebfe7b49326dd7d283e46eb94a6c476c73ca623a774177bba3e22,selector2d,vertical,18,3,
65536,23926,10,107,384,12,12,51705,65436,9765044c4e6d53362f3094c578cbba583e82121714904691ade328e775dc5aa2,selector2d,vertical,18,4,
512,245,5,16,38,3,6,123,498,771caa2d2002244fbddd98c29b3f765ed3c9983ceace4bc3e1ea9d316b09bfd6,selector2d,horizontal,19,3,
65536,23392,4,178,656,4,16,6060,65500,28d07b783630cf8dcffa7c4037f932bdac06901a66739b67bfa87039eaef259b,selector2d,horizontal,19,4,
512,191,5,18,53,6,6,319,456,28ab47680f272c4f9c7c520abc57037755ba749df7e36660e8da08c31bbce78f,selector2d,vertical,19,3,
65536,21556,8,112,426,8,22,41551,65160,ad9ecd24de4679055ecaf4946102940c7b8898d4015a4118eb6fd9254f33dd70,selector2d,vertical,19,4,
512,221,2,13,38,6,5,400,432,b4920ed10522b4e06b996e14df8296abf9543ac1d6c9de192cd32529fc0fa244,selector2d,horizontal,20,3,
65536,20638,2,53,180,4,10,64065,63376,7533fe8ac6657206caaa03bf6a90f72a5b687e37dc7a65cd4af7ff1a46e06cfb,selector2d,horizontal,20,4,
512,242,2,18,50,3,4,117,486,7e17acb9d1082ce156cb8fb4f050546566baa50739136d792a2d975fdda00aec,selector2d,vertical,20,3,
65536,21896,2,186,702,8,8,4484,65486,0b791bb537469a55b0f3b75bae3d56e78af87e17eab55f969bf6b392a2630d46,selector2d,vertical,20,4,
512,290,8,24,65,6,10,102,495,96e475c1c779be5a7f8da45ac33d6fe3f0688cb039eae4386e4719abc8469b80,selector2d,horizontal,21,3,
65536,26424,16,349,1192,6,22,1572,65488,ac713c94e304f4621edd07ab63705e4dc541aeb320d0b228f999079c46cc0c5c,selector2d,horizontal,21,4,
512,143,11,19,35,3,3,157,372,2c216c1cbc55c15302a34533a4e0bf1f3bb6953f30068de3fe8c73be142500ba,selector2d,vertical,21,3,
65536,23044,110,330,588,10,14,29081,64048,560f78dd735af059196ea087f743e29fd09588fcaf10ccf8a97879d0e3b2471e,selector2d,vertical,21,4,
512,317,2,28,110,15,8,96,495,7040247ada7122ca87695be7e774f21a5d4b25e43221c3f9806022b06fa2eeb5,selector2d,horizontal,22,3,
65536,23072,4,159,944,56,20,5028,65516,43b6feb266260f526dc1d418e9d53cc0a6a0be2b7b402cc1e522b0d0cb00cd7b,selector2d,horizontal,22,4,
512,266,5,19,47,3,8,214,486,870e55818c2157f10a5f0fc93bed22fa820c4ec7686d75435c5a6150ae7f202a,selector2d,vertical,22,3,
65536,27036,116,244,586,8,21,23039,65016,5e05822df3393be20b7f72fd22d866d5988aa85f12cdd9fac6a5b4cb668011a4,selector2d,vertical,22,4,
512,284,2,30,86,4,7,39,489,96affaea2bc1279dc4ac9822464868d4e6dc82607fb70c0f931f45e95c7af34f,selector2d,horizontal,23,3,
65536,26524,2,304,1048,4,20,13858,65472,737b81c38a67e6dba576c7c753f9ff9cb5af8cc6c666fae9da14252db8b97aee,selector2d,horizontal,23,4,
512,227,2,26,92,9,5,124,498,7a62bd7ab880ca2b22c2136b996bf961ce48147a79d0401b41c8e98daff773b4,selector2d,vertical,23,3,
65536,26364,4,184,666,4,23,14363,65522,0a5d69b84dd2dd75927751ffb29a757253a705d59cab8d8934029b69f4482256,selector2d,vertical,23,4,
