width,observed_steps,future_steps,mode,source_pairs,panels,unique_rule_panels,ambiguous_rule_one_future,multiple_future_panels,source_weighted_multiple_future_fraction,mean_candidate_rules,mean_rule_bits,mean_continuations,max_continuations,mean_future_bits,max_future_bits,more_futures_than_autonomous,fewer_futures_than_autonomous
6,0,1,autonomous,16384,64,0,0,64,1.0,256.0,8.0,33.9375,64,4.6875,6,0,0
6,0,2,autonomous,16384,64,0,0,64,1.0,256.0,8.0,104.625,160,6.8125,8,0,0
6,0,3,autonomous,16384,64,0,0,64,1.0,256.0,8.0,126.0625,170,7.28125,8,0,0
6,0,4,autonomous,16384,64,0,0,64,1.0,256.0,8.0,130.375,170,7.46875,8,0,0
6,0,1,flip_cell_0,16384,64,0,0,64,1.0,256.0,8.0,33.9375,64,4.6875,6,32,32
6,0,2,flip_cell_0,16384,64,0,0,64,1.0,256.0,8.0,104.625,160,6.8125,8,32,32
6,0,3,flip_cell_0,16384,64,0,0,64,1.0,256.0,8.0,126.0625,170,7.28125,8,32,32
6,0,4,flip_cell_0,16384,64,0,0,64,1.0,256.0,8.0,130.375,170,7.46875,8,32,32
6,1,1,autonomous,16384,2172,0,636,1536,0.69921875,7.543278084714549,2.620626151012891,3.0828729281767955,16,1.1988950276243093,4,0,0
6,1,2,autonomous,16384,2172,0,576,1596,0.716796875,7.543278084714549,2.620626151012891,3.714548802946593,16,1.5736648250460405,4,0,0
6,1,3,autonomous,16384,2172,0,564,1608,0.72265625,7.543278084714549,2.620626151012891,3.841620626151013,16,1.6178637200736647,4,0,0
6,1,4,autonomous,16384,2172,0,564,1608,0.72265625,7.543278084714549,2.620626151012891,3.863720073664825,16,1.639963167587477,4,0,0
6,1,1,flip_cell_0,16384,2172,0,564,1608,0.794921875,7.543278084714549,2.620626151012891,3.3259668508287294,16,1.3047882136279927,4,728,616
6,1,2,flip_cell_0,16384,2172,0,308,1864,0.8837890625,7.543278084714549,2.620626151012891,4.435543278084714,63,1.8867403314917126,6,856,594
6,1,3,flip_cell_0,16384,2172,0,286,1886,0.890625,7.543278084714549,2.620626151012891,4.791896869244936,76,2.016574585635359,7,828,462
6,1,4,flip_cell_0,16384,2172,0,286,1886,0.890625,7.543278084714549,2.620626151012891,4.887661141804788,78,2.0497237569060776,7,824,410
6,2,1,autonomous,16384,6696,3024,2516,1156,0.19091796875,2.4468339307048983,0.8261648745519713,1.2048984468339308,8,0.1869772998805257,3,0,0
6,2,2,autonomous,16384,6696,3024,2336,1336,0.22021484375,2.4468339307048983,0.8261648745519713,1.2461170848267622,8,0.22819593787335724,3,0,0
6,2,3,autonomous,16384,6696,3024,2312,1360,0.22314453125,2.4468339307048983,0.8261648745519713,1.2532855436081243,8,0.23178016726403824,3,0,0
6,2,4,autonomous,16384,6696,3024,2288,1384,0.22607421875,2.4468339307048983,0.8261648745519713,1.2568697729988052,8,0.23536439665471923,3,0,0
6,2,1,flip_cell_0,16384,6696,3024,1980,1692,0.458984375,2.4468339307048983,0.8261648745519713,1.3936678614097968,16,0.30794504181600957,4,956,418
6,2,2,flip_cell_0,16384,6696,3024,1636,2036,0.51708984375,2.4468339307048983,0.8261648745519713,1.5910991636798089,45,0.43189964157706096,6,1090,350
6,2,3,flip_cell_0,16384,6696,3024,1480,2192,0.539794921875,2.4468339307048983,0.8261648745519713,1.6523297491039426,52,0.46714456391875747,6,1094,222
6,2,4,flip_cell_0,16384,6696,3024,1412,2260,0.548095703125,2.4468339307048983,0.8261648745519713,1.673536439665472,52,0.482078853046595,6,1086,154
6,3,1,autonomous,16384,8068,5208,2584,276,0.041015625,2.030738720872583,0.556271690629648,1.0342092216162617,2,0.034209221616261776,1,0,0
6,3,2,autonomous,16384,8068,5208,2536,324,0.046875,2.030738720872583,0.556271690629648,1.0401586514625683,2,0.04015865146256817,1,0,0
6,3,3,autonomous,16384,8068,5208,2512,348,0.0498046875,2.030738720872583,0.556271690629648,1.0431333663857214,2,0.04313336638572137,1,0,0
6,3,4,autonomous,16384,8068,5208,2488,372,0.052734375,2.030738720872583,0.556271690629648,1.0461080813088746,2,0.04610808130887457,1,0,0
6,3,1,flip_cell_0,16384,8068,5208,1682,1178,0.37353515625,2.030738720872583,0.556271690629648,1.2630143777887952,8,0.19162121963311848,3,1014,92
6,3,2,flip_cell_0,16384,8068,5208,1458,1402,0.4150390625,2.030738720872583,0.556271690629648,1.389439762022806,45,0.26524541398116014,6,1166,68
6,3,3,flip_cell_0,16384,8068,5208,1414,1446,0.42041015625,2.030738720872583,0.556271690629648,1.4206742687159146,52,0.27689638076351014,6,1170,52
6,3,4,flip_cell_0,16384,8068,5208,1382,1478,0.42431640625,2.030738720872583,0.556271690629648,1.429846306395637,52,0.282350024789291,6,1158,32
6,4,1,autonomous,16384,8344,5688,2608,48,0.005859375,1.9635666347075742,0.5105465004793864,1.00575263662512,2,0.005752636625119847,1,0,0
6,4,2,autonomous,16384,8344,5688,2584,72,0.0087890625,1.9635666347075742,0.5105465004793864,1.0086289549376797,2,0.00862895493767977,1,0,0
6,4,3,autonomous,16384,8344,5688,2560,96,0.01171875,1.9635666347075742,0.5105465004793864,1.0115052732502396,2,0.011505273250239693,1,0,0
6,4,4,autonomous,16384,8344,5688,2560,96,0.01171875,1.9635666347075742,0.5105465004793864,1.0115052732502396,2,0.011505273250239693,1,0,0
6,4,1,flip_cell_0,16384,8344,5688,1678,978,0.3388671875,1.9635666347075742,0.5105465004793864,1.2111697027804411,8,0.15460210930009588,3,942,12
6,4,2,flip_cell_0,16384,8344,5688,1488,1168,0.37451171875,1.9635666347075742,0.5105465004793864,1.3293384467881113,45,0.2224352828379674,6,1100,4
6,4,3,flip_cell_0,16384,8344,5688,1452,1204,0.37890625,1.9635666347075742,0.5105465004793864,1.3564237775647172,52,0.23202301054650049,6,1128,20
6,4,4,flip_cell_0,16384,8344,5688,1452,1204,0.37890625,1.9635666347075742,0.5105465004793864,1.361457334611697,52,0.23346116970278044,6,1128,20
6,5,1,autonomous,16384,8392,5784,2584,24,0.0029296875,1.9523355576739752,0.501906577693041,1.0028598665395614,2,0.002859866539561487,1,0,0
6,5,2,autonomous,16384,8392,5784,2560,48,0.005859375,1.9523355576739752,0.501906577693041,1.005719733079123,2,0.005719733079122974,1,0,0
6,5,3,autonomous,16384,8392,5784,2560,48,0.005859375,1.9523355576739752,0.501906577693041,1.005719733079123,2,0.005719733079122974,1,0,0
6,5,4,autonomous,16384,8392,5784,2560,48,0.005859375,1.9523355576739752,0.501906577693041,1.005719733079123,2,0.005719733079122974,1,0,0
6,5,1,flip_cell_0,16384,8392,5784,1582,1026,0.35205078125,1.9523355576739752,0.501906577693041,1.2299809342230696,8,0.16515729265967588,3,1002,0
6,5,2,flip_cell_0,16384,8392,5784,1406,1202,0.38671875,1.9523355576739752,0.501906577693041,1.34580552907531,45,0.2302192564346997,6,1154,0
6,5,3,flip_cell_0,16384,8392,5784,1382,1226,0.3896484375,1.9523355576739752,0.501906577693041,1.3734509056244042,52,0.2390371782650143,6,1178,0
6,5,4,flip_cell_0,16384,8392,5784,1382,1226,0.3896484375,1.9523355576739752,0.501906577693041,1.3784556720686367,52,0.24046711153479505,6,1178,0
6,6,1,autonomous,16384,8416,5832,2560,24,0.0029296875,1.946768060836502,0.4976235741444867,1.002851711026616,2,0.0028517110266159697,1,0,0
6,6,2,autonomous,16384,8416,5832,2560,24,0.0029296875,1.946768060836502,0.4976235741444867,1.002851711026616,2,0.0028517110266159697,1,0,0
6,6,3,autonomous,16384,8416,5832,2560,24,0.0029296875,1.946768060836502,0.4976235741444867,1.002851711026616,2,0.0028517110266159697,1,0,0
6,6,4,autonomous,16384,8416,5832,2560,24,0.0029296875,1.946768060836502,0.4976235741444867,1.002851711026616,2,0.0028517110266159697,1,0,0
6,6,1,flip_cell_0,16384,8416,5832,1618,966,0.33740234375,1.946768060836502,0.4976235741444867,1.2079372623574145,8,0.15185361216730037,3,942,0
6,6,2,flip_cell_0,16384,8416,5832,1468,1116,0.3681640625,1.946768060836502,0.4976235741444867,1.320342205323194,45,0.21435361216730037,6,1092,0
6,6,3,flip_cell_0,16384,8416,5832,1432,1152,0.37255859375,1.946768060836502,0.4976235741444867,1.3471958174904943,52,0.22385931558935362,6,1128,0
6,6,4,flip_cell_0,16384,8416,5832,1432,1152,0.37255859375,1.946768060836502,0.4976235741444867,1.3521863117870723,52,0.2252851711026616,6,1128,0
8,0,1,autonomous,65536,256,0,0,256,1.0,256.0,8.0,65.796875,256,5.5234375,8,0,0
8,0,2,autonomous,65536,256,0,0,256,1.0,256.0,8.0,141.2265625,256,7.5703125,8,0,0
8,0,3,autonomous,65536,256,0,0,256,1.0,256.0,8.0,160.9296875,256,7.7421875,8,0,0
8,0,4,autonomous,65536,256,0,0,256,1.0,256.0,8.0,165.6171875,256,7.8046875,8,0,0
8,0,1,flip_cell_0,65536,256,0,0,256,1.0,256.0,8.0,65.796875,256,5.5234375,8,96,96
8,0,2,flip_cell_0,65536,256,0,0,256,1.0,256.0,8.0,141.2265625,256,7.5703125,8,128,128
8,0,3,flip_cell_0,65536,256,0,0,256,1.0,256.0,8.0,160.9296875,256,7.7421875,8,128,128
8,0,4,flip_cell_0,65536,256,0,0,256,1.0,256.0,8.0,165.6171875,256,7.8046875,8,126,126
8,1,1,autonomous,65536,16844,4096,4110,8638,0.66796875,3.8907622892424603,1.478746141059131,2.146402279743529,16,0.7469722156257421,4,0,0
8,1,2,autonomous,65536,16844,4096,3646,9102,0.6875,3.8907622892424603,1.478746141059131,2.445856091189741,16,0.9433626217050581,4,0,0
8,1,3,autonomous,65536,16844,4096,3534,9214,0.6943359375,3.8907622892424603,1.478746141059131,2.5170980764663975,16,0.974709095226787,4,0,0
8,1,4,autonomous,65536,16844,4096,3438,9310,0.6982421875,3.8907622892424603,1.478746141059131,2.5303965803847066,16,0.9851579197340299,4,0,0
8,1,1,flip_cell_0,65536,16844,4096,3662,9086,0.7353515625,3.8907622892424603,1.478746141059131,2.3444549988126338,16,0.8272381857041083,4,2828,1994
8,1,2,flip_cell_0,65536,16844,4096,2592,10156,0.797607421875,3.8907622892424603,1.478746141059131,2.765257658513417,63,1.0883400617430539,6,3246,1762
8,1,3,flip_cell_0,65536,16844,4096,2390,10358,0.80517578125,3.8907622892424603,1.478746141059131,2.8806696746616005,73,1.1490144858703395,7,3260,1296
8,1,4,flip_cell_0,65536,16844,4096,2334,10414,0.8072509765625,3.8907622892424603,1.478746141059131,2.9099976252671573,78,1.1591071004511992,7,3272,1190
8,2,1,autonomous,65536,36154,21056,10694,4404,0.16259765625,1.812690158765282,0.5582231564972064,1.1395142999391492,8,0.12889306854013388,3,0,0
8,2,2,autonomous,65536,36154,21056,9926,5172,0.189453125,1.812690158765282,0.5582231564972064,1.172705648061072,8,0.15854400619571832,3,0,0
8,2,3,autonomous,65536,36154,21056,9750,5348,0.19580078125,1.812690158765282,0.5582231564972064,1.1789013663771644,8,0.1647397245118106,3,0,0
8,2,4,autonomous,65536,36154,21056,9654,5444,0.19970703125,1.812690158765282,0.5582231564972064,1.1815566742269181,8,0.16739503236156442,3,0,0
8,2,1,flip_cell_0,65536,36154,21056,8132,6966,0.3472900390625,1.812690158765282,0.5582231564972064,1.2676882226033082,8,0.2244841511312718,3,3600,942
8,2,2,flip_cell_0,65536,36154,21056,6806,8292,0.39422607421875,1.812690158765282,0.5582231564972064,1.3507219118216518,45,0.2896498312773137,6,3906,714
8,2,3,flip_cell_0,65536,36154,21056,6292,8806,0.4112548828125,1.812690158765282,0.5582231564972064,1.375615422913094,52,0.3090667699286386,6,3980,390
8,2,4,flip_cell_0,65536,36154,21056,6100,8998,0.4176025390625,1.812690158765282,0.5582231564972064,1.3846877247330862,52,0.3148752558499751,6,4028,298
8,3,1,autonomous,65536,41198,29600,10558,1040,0.03515625,1.5907568328559638,0.38919365017719304,1.0291276275547356,8,0.026797417350356813,3,0,0
8,3,2,autonomous,65536,41198,29600,10334,1264,0.04296875,1.5907568328559638,0.38919365017719304,1.0345647846982864,8,0.03223457449390747,3,0,0
8,3,3,autonomous,65536,41198,29600,10238,1360,0.046875,1.5907568328559638,0.38919365017719304,1.0368949949026651,8,0.034564784698286326,3,0,0
8,3,4,autonomous,65536,41198,29600,10142,1456,0.0498046875,1.5907568328559638,0.38919365017719304,1.039225205107044,8,0.03689499490266518,3,0,0
8,3,1,flip_cell_0,65536,41198,29600,7084,4514,0.25518798828125,1.5907568328559638,0.38919365017719304,1.166270207291616,8,0.13316180397106656,3,3628,168
8,3,2,flip_cell_0,65536,41198,29600,6394,5204,0.28192138671875,1.5907568328559638,0.38919365017719304,1.2165639108694597,45,0.17000825282780718,6,4094,156
8,3,3,flip_cell_0,65536,41198,29600,6180,5418,0.2886962890625,1.5907568328559638,0.38919365017719304,1.2279722316617312,52,0.17767852808388757,6,4184,116
8,3,4,flip_cell_0,65536,41198,29600,6072,5526,0.2923583984375,1.5907568328559638,0.38919365017719304,1.232826836254187,52,0.18044565270158747,6,4204,116
8,4,1,autonomous,65536,42398,31776,10398,224,0.0078125,1.5457332893060993,0.3528940044341714,1.005283268078683,2,0.005283268078682957,1,0,0
8,4,2,autonomous,65536,42398,31776,10302,320,0.01171875,1.5457332893060993,0.3528940044341714,1.00754752582669,2,0.007547525826689938,1,0,0
8,4,3,autonomous,65536,42398,31776,10206,416,0.0146484375,1.5457332893060993,0.3528940044341714,1.009811783574697,2,0.00981178357469692,1,0,0
8,4,4,autonomous,65536,42398,31776,10206,416,0.0146484375,1.5457332893060993,0.3528940044341714,1.009811783574697,2,0.00981178357469692,1,0,0
8,4,1,flip_cell_0,65536,42398,31776,7042,3580,0.2178955078125,1.5457332893060993,0.3528940044341714,1.1272701542525592,8,0.10288221142506722,3,3388,24
8,4,2,flip_cell_0,65536,42398,31776,6488,4134,0.239501953125,1.5457332893060993,0.3528940044341714,1.1712816642294448,45,0.13477050804283222,6,3866,36
8,4,3,flip_cell_0,65536,42398,31776,6326,4296,0.24468994140625,1.5457332893060993,0.3528940044341714,1.1815179961318931,52,0.14061984055851692,6,3932,36
8,4,4,flip_cell_0,65536,42398,31776,6234,4388,0.24761962890625,1.5457332893060993,0.3528940044341714,1.1856691353365725,52,0.1429312703429407,6,4016,28
8,5,1,autonomous,65536,42622,32160,10366,96,0.00390625,1.53760968513913,0.3465346534653465,1.0022523579372156,2,0.0022523579372155226,1,0,0
8,5,2,autonomous,65536,42622,32160,10270,192,0.0068359375,1.53760968513913,0.3465346534653465,1.0045047158744311,2,0.004504715874431045,1,0,0
8,5,3,autonomous,65536,42622,32160,10270,192,0.0068359375,1.53760968513913,0.3465346534653465,1.0045047158744311,2,0.004504715874431045,1,0,0
8,5,4,autonomous,65536,42622,32160,10270,192,0.0068359375,1.53760968513913,0.3465346534653465,1.0045047158744311,2,0.004504715874431045,1,0,0
8,5,1,flip_cell_0,65536,42622,32160,6886,3576,0.221435546875,1.53760968513913,0.3465346534653465,1.132889118295716,8,0.10450002346206184,3,3504,16
8,5,2,flip_cell_0,65536,42622,32160,6324,4138,0.2440185546875,1.53760968513913,0.3465346534653465,1.1782647459058702,45,0.13697151705691896,6,3982,28
8,5,3,flip_cell_0,65536,42622,32160,6178,4284,0.24847412109375,1.53760968513913,0.3465346534653465,1.188071887757496,52,0.1424147154051898,6,4112,12
8,5,4,flip_cell_0,65536,42622,32160,6098,4364,0.25103759765625,1.53760968513913,0.3465346534653465,1.1919196659002393,52,0.1444324527239454,6,4192,12
8,6,1,autonomous,65536,42718,32288,10334,96,0.0029296875,1.5341542207032164,0.34425768996675876,1.0022472962217333,2,0.002247296221733227,1,0,0
8,6,2,autonomous,65536,42718,32288,10334,96,0.0029296875,1.5341542207032164,0.34425768996675876,1.0022472962217333,2,0.002247296221733227,1,0,0
8,6,3,autonomous,65536,42718,32288,10334,96,0.0029296875,1.5341542207032164,0.34425768996675876,1.0022472962217333,2,0.002247296221733227,1,0,0
8,6,4,autonomous,65536,42718,32288,10334,96,0.0029296875,1.5341542207032164,0.34425768996675876,1.0022472962217333,2,0.002247296221733227,1,0,0
8,6,1,flip_cell_0,65536,42718,32288,7004,3426,0.21185302734375,1.5341542207032164,0.34425768996675876,1.1219626387003137,8,0.09813193501568425,3,3346,16
8,6,2,flip_cell_0,65536,42718,32288,6514,3916,0.23126220703125,1.5341542207032164,0.34425768996675876,1.1641462615290978,45,0.12828315932393838,6,3828,8
8,6,3,flip_cell_0,65536,42718,32288,6380,4050,0.2353515625,1.5341542207032164,0.34425768996675876,1.173650451800178,52,0.13343321316541037,6,3962,8
8,6,4,flip_cell_0,65536,42718,32288,6296,4134,0.238037109375,1.5341542207032164,0.34425768996675876,1.177583220188211,52,0.13554005337328526,6,4046,8
10,0,1,autonomous,262144,1024,0,0,1024,1.0,256.0,8.0,92.82421875,256,6.109375,8,0,0
10,0,2,autonomous,262144,1024,0,0,1024,1.0,256.0,8.0,169.08984375,256,7.744140625,8,0,0
10,0,3,autonomous,262144,1024,0,0,1024,1.0,256.0,8.0,184.142578125,256,7.880859375,8,0,0
10,0,4,autonomous,262144,1024,0,0,1024,1.0,256.0,8.0,187.74609375,256,7.939453125,8,0,0
10,0,1,flip_cell_0,262144,1024,0,0,1024,1.0,256.0,8.0,92.82421875,256,6.109375,8,368,368
10,0,2,flip_cell_0,262144,1024,0,0,1024,1.0,256.0,8.0,169.08984375,256,7.744140625,8,484,484
10,0,3,flip_cell_0,262144,1024,0,0,1024,1.0,256.0,8.0,184.142578125,256,7.880859375,8,488,488
10,0,4,flip_cell_0,262144,1024,0,0,1024,1.0,256.0,8.0,187.74609375,256,7.939453125,8,488,488
10,1,1,autonomous,262144,95052,23040,26736,45276,0.61932373046875,2.7579009384336994,1.1084038210663636,1.821613432647393,16,0.6057315995455119,4,0,0
10,1,2,autonomous,262144,95052,23040,22956,49056,0.651519775390625,2.7579009384336994,1.1084038210663636,1.9837773008458528,16,0.722867483061903,4,0,0
10,1,3,autonomous,262144,95052,23040,21996,50016,0.66021728515625,2.7579009384336994,1.1084038210663636,2.022598156798384,16,0.744855447544502,4,0,0
10,1,4,autonomous,262144,95052,23040,21776,50236,0.662200927734375,2.7579009384336994,1.1084038210663636,2.030488574674915,16,0.7493792871270463,4,0,0
10,1,1,flip_cell_0,262144,95052,23040,23902,48110,0.677581787109375,2.7579009384336994,1.1084038210663636,1.9416109077136725,16,0.6655514876067836,4,11628,7240
10,1,2,flip_cell_0,262144,95052,23040,17670,54342,0.737396240234375,2.7579009384336994,1.1084038210663636,2.164352144089551,63,0.8233598451373985,6,12240,5074
10,1,3,flip_cell_0,262144,95052,23040,16418,55594,0.747711181640625,2.7579009384336994,1.1084038210663636,2.210200732230779,73,0.8505660059756764,7,11862,3916
10,1,4,flip_cell_0,262144,95052,23040,16136,55876,0.7499847412109375,2.7579009384336994,1.1084038210663636,2.2217102217733453,78,0.8560998190464167,7,11678,3580
10,2,1,autonomous,262144,173148,118000,41134,14014,0.12255859375,1.5139880333587452,0.39123755400004623,1.0890221082542102,8,0.08405525908471366,3,0,0
10,2,2,autonomous,262144,173148,118000,38584,16564,0.1433868408203125,1.5139880333587452,0.39123755400004623,1.1103333564349573,14,0.10328736110148544,4,0,0
10,2,3,autonomous,262144,173148,118000,37904,17244,0.1488800048828125,1.5139880333587452,0.39123755400004623,1.1146649109432394,14,0.10761891560976737,4,0,0
10,2,4,autonomous,262144,173148,118000,37544,17604,0.1519317626953125,1.5139880333587452,0.39123755400004623,1.1167440571072147,14,0.1096980617737427,4,0,0
10,2,1,flip_cell_0,262144,173148,118000,31038,24110,0.2607269287109375,1.5139880333587452,0.39123755400004623,1.1747060318340379,16,0.15386836694619632,4,12454,2114
10,2,2,flip_cell_0,262144,173148,118000,27186,27962,0.29278564453125,1.5139880333587452,0.39123755400004623,1.2188185829463811,45,0.19203224986716566,6,13190,1558
10,2,3,flip_cell_0,262144,173148,118000,26054,29094,0.3018035888671875,1.5139880333587452,0.39123755400004623,1.228821586157507,52,0.20029108046295654,6,13204,992
10,2,4,flip_cell_0,262144,173148,118000,25600,29548,0.3054351806640625,1.5139880333587452,0.39123755400004623,1.2324138886963754,52,0.20317878346847784,6,13092,734
10,3,1,autonomous,262144,188562,145160,39952,3450,0.0276947021484375,1.3902270871119313,0.2890508161771725,1.0195691602761956,8,0.018720633001347037,3,0,0
10,3,2,autonomous,262144,188562,145160,39202,4200,0.033721923828125,1.3902270871119313,0.2890508161771725,1.0235466318770483,8,0.022698104602199808,3,0,0
10,3,3,autonomous,262144,188562,145160,38842,4560,0.036773681640625,1.3902270871119313,0.2890508161771725,1.0254558182454576,8,0.024607290970609135,3,0,0
10,3,4,autonomous,262144,188562,145160,38602,4800,0.038909912109375,1.3902270871119313,0.2890508161771725,1.0267286091577306,8,0.025880081882882024,3,0,0
10,3,1,flip_cell_0,262144,188562,145160,28046,15356,0.18359375,1.3902270871119313,0.2890508161771725,1.1087811966355894,8,0.09281827727750024,3,12404,488
10,3,2,flip_cell_0,262144,188562,145160,26042,17360,0.20111083984375,1.3902270871119313,0.2890508161771725,1.1352870673836721,45,0.11499665892385529,6,13600,422
10,3,3,flip_cell_0,262144,188562,145160,25486,17916,0.20556640625,1.3902270871119313,0.2890508161771725,1.1400918530775024,52,0.11873017893318909,6,13684,296
10,3,4,flip_cell_0,262144,188562,145160,25280,18122,0.2072601318359375,1.3902270871119313,0.2890508161771725,1.1416828417178435,52,0.11998175666359076,6,13616,246
10,4,1,autonomous,262144,192252,152180,39322,750,0.0060272216796875,1.3635436822503797,0.2654536753843913,1.0039011297671805,2,0.0039011297671805753,1,0,0
10,4,2,autonomous,262144,192252,152180,38962,1110,0.0090789794921875,1.3635436822503797,0.2654536753843913,1.0057736720554273,2,0.005773672055427252,1,0,0
10,4,3,autonomous,262144,192252,152180,38722,1350,0.0112152099609375,1.3635436822503797,0.2654536753843913,1.007022033580925,2,0.007022033580925036,1,0,0
10,4,4,autonomous,262144,192252,152180,38602,1470,0.0124359130859375,1.3635436822503797,0.2654536753843913,1.007646214343674,2,0.007646214343673928,1,0,0
10,4,1,flip_cell_0,262144,192252,152180,27920,12152,0.154937744140625,1.3635436822503797,0.2654536753843913,1.0845972993778998,8,0.07230093835174667,3,11556,146
10,4,2,flip_cell_0,262144,192252,152180,26376,13696,0.1687164306640625,1.3635436822503797,0.2654536753843913,1.107650375548759,45,0.09136966065372532,6,12758,156
10,4,3,flip_cell_0,262144,192252,152180,26004,14068,0.1717681884765625,1.3635436822503797,0.2654536753843913,1.1113954601252523,52,0.09409524998439549,6,12902,156
10,4,4,flip_cell_0,262144,192252,152180,25886,14186,0.1727294921875,1.3635436822503797,0.2654536753843913,1.1124981794727753,52,0.09486507292511911,6,12894,134
10,5,1,autonomous,262144,193002,153600,39042,360,0.0030517578125,1.3582449922798727,0.26074341198536805,1.0018652656449156,2,0.0018652656449155967,1,0,0
10,5,2,autonomous,262144,193002,153600,38802,600,0.00518798828125,1.3582449922798727,0.26074341198536805,1.0031087760748594,2,0.003108776074859328,1,0,0
10,5,3,autonomous,262144,193002,153600,38682,720,0.00640869140625,1.3582449922798727,0.26074341198536805,1.0037305312898313,2,0.0037305312898311934,1,0,0
10,5,4,autonomous,262144,193002,153600,38642,760,0.0067138671875,1.3582449922798727,0.26074341198536805,1.003937783028155,2,0.003937783028155149,1,0,0
10,5,1,flip_cell_0,262144,193002,153600,27066,12336,0.1591644287109375,1.3582449922798727,0.26074341198536805,1.0890560719578035,8,0.0744240992321323,3,12048,64
10,5,2,flip_cell_0,262144,193002,153600,25652,13750,0.172149658203125,1.3582449922798727,0.26074341198536805,1.1117604998911927,45,0.09294204205137771,6,13250,84
10,5,3,flip_cell_0,262144,193002,153600,25380,14022,0.17437744140625,1.3582449922798727,0.26074341198536805,1.1149521766613817,52,0.09511818530377923,6,13414,84
10,5,4,flip_cell_0,262144,193002,153600,25304,14098,0.175018310546875,1.3582449922798727,0.26074341198536805,1.1158329965492586,52,0.09566740241033772,6,13422,56
10,6,1,autonomous,262144,193362,154240,38882,240,0.00213623046875,1.355716221387863,0.25860303472243773,1.001241195271046,2,0.0012411952710460173,1,0,0
10,6,2,autonomous,262144,193362,154240,38762,360,0.00335693359375,1.355716221387863,0.25860303472243773,1.001861792906569,2,0.001861792906569026,1,0,0
10,6,3,autonomous,262144,193362,154240,38722,400,0.003662109375,1.355716221387863,0.25860303472243773,1.0020686587850767,2,0.0020686587850766956,1,0,0
10,6,4,autonomous,262144,193362,154240,38722,400,0.003662109375,1.355716221387863,0.25860303472243773,1.0020686587850767,2,0.0020686587850766956,1,0,0
10,6,1,flip_cell_0,262144,193362,154240,27434,11688,0.151031494140625,1.355716221387863,0.25860303472243773,1.0814224097806187,8,0.06934144247577083,3,11496,40
10,6,2,flip_cell_0,262144,193362,154240,26184,12938,0.162506103515625,1.355716221387863,0.25860303472243773,1.1028226849122371,45,0.08678023603396738,6,12654,60
10,6,3,flip_cell_0,262144,193362,154240,25952,13170,0.1644287109375,1.355716221387863,0.25860303472243773,1.1058222401505984,52,0.088766148467641,6,12830,44
10,6,4,flip_cell_0,262144,193362,154240,25892,13230,0.164886474609375,1.355716221387863,0.25860303472243773,1.106618673782853,52,0.08923159669428327,6,12866,20
